Date,Open,High,Low,Close
2018-01-02,4.721799840207094,4.882629261448468,4.680561038493141,4.83314323425293
2018-01-03,4.804276140628256,4.845514268319989,4.775408682381164,4.812523365020752
2018-01-04,4.787780451988519,4.94036263069982,4.787780451988519,4.870257377624512
2018-01-05,4.84551490819594,4.878505815851801,4.816648114713251,4.83314323425293
2018-01-08,4.824895430312582,4.919744375166801,4.804276864791131,4.8908772468566895
2018-01-09,4.890877155506559,4.890877155506559,4.816648114713251,4.83314323425293
2018-01-10,4.816647819664355,4.8496387252993225,4.73829466949748,4.76303768157959
2018-01-11,4.7506658268569035,4.796028066463394,4.742417934199599,4.771285057067871
2018-01-12,4.775409047190812,4.866133871050384,4.767162156456516,4.7960286140441895
2018-01-15,4.804276002468127,4.80839944740169,4.598083698498044,4.61045503616333
2018-01-16,4.626950720487966,4.688808076038675,4.610454935385096,4.65581750869751
2018-01-17,4.655817437587684,4.705303120699525,4.598083527762195,4.680560111999512
2018-01-18,4.65994167513931,4.841390993622064,4.65994167513931,4.783657073974609
2018-01-19,4.8248945814232505,4.866133376651916,4.787780234007392,4.83726692199707
2018-01-22,4.833143324524724,4.927991600802426,4.804276864791131,4.8908772468566895
2018-01-23,4.8991253963228845,4.8991253963228845,4.812524341168722,4.845515251159668
2018-01-24,4.849639047093755,4.899125074541586,4.824895364793331,4.866134166717529
2018-01-25,4.833142342372002,4.9362384919114675,4.812523112464109,4.8991241455078125
2018-01-26,4.874381993949849,4.882629219360345,4.808400179206888,4.841391086578369
2018-01-29,4.89912479926727,4.981601729904905,4.878505566607862,4.940362930297852
2018-01-30,4.940362434203526,4.9444865477518665,4.857885511847942,4.919743537902832
2018-01-31,4.874381900360109,4.874381900360109,4.742418607696176,4.783657073974609
2018-02-01,4.775408719214069,4.936238789033971,4.68468423587372,4.69293212890625
2018-02-02,4.647570100255414,4.808399843158665,4.515607148568586,4.779533386230469
2018-02-05,4.692932800089143,4.940363274976511,4.664066340355549,4.8908772468566895
2018-02-06,4.804276456434189,4.907372618161,4.577464566346973,4.618703365325928
2018-02-07,4.697057023843108,4.808400422564357,4.610455971182078,4.6516947746276855
2018-02-08,4.659941126297703,4.676436912012117,4.57334075845856,4.63519811630249
2018-02-09,4.552720853922983,4.647569441833839,4.334157225262588,4.379519462585449
2018-02-12,4.391892073458584,4.441378434634284,4.334158152564391,4.420759201049805
2018-02-13,4.437254521165132,4.5197314592331335,4.412511506602384,4.433130741119385
2018-02-14,4.424882440973491,4.577464628692049,4.404263208347294,4.519731044769287
2018-02-22,4.536227016820316,4.573341369628906,4.5032361095590705,4.573341369628906
2018-02-23,4.569217341412351,4.635198483771633,4.540350215555905,4.618703365325928
2018-02-26,4.655817952699909,4.688808523187222,4.61045537506149,4.6723127365112305
2018-02-27,4.643446326284028,4.651694219704526,4.589836189059591,4.614579200744629
2018-02-28,4.569217639438317,4.651694574199301,4.548598405748071,4.6393232345581055
2018-03-01,4.618703666579607,4.672313139313043,4.589836538840311,4.6393232345581055
2018-03-02,4.556845884568413,4.60633190720044,4.556845884568413,4.589836120605469
2018-03-05,4.577465068991177,4.626951766915272,4.499112579193853,4.527979373931885
2018-03-06,4.544473231462344,4.614578815385092,4.494987546513004,4.61045503616333
2018-03-07,4.614578845311987,4.668188978407166,4.606331621103177,4.64344596862793
2018-03-08,4.614579502173376,4.758914470722019,4.585712709036597,4.697056770324707
2018-03-09,4.697056380470794,4.746542402966023,4.622827012439731,4.74241828918457
2018-03-12,4.7382945604029105,4.758914126666195,4.701180210278384,4.746542453765869
2018-03-13,4.730046652724308,4.750666218925186,4.668189291274568,4.6723127365112305
2018-03-14,4.668188845669249,4.717674863820607,4.651693729144257,4.705303192138672
2018-03-15,4.692932697871389,4.746542839073718,4.635198776796939,4.688808917999268
2018-03-16,4.664065920147329,4.701180270749255,4.639322908316635,4.6475701332092285
2018-03-19,4.585713280118161,4.635199312883451,4.552722368749107,4.569218158721924
2018-03-20,4.57334132806986,4.5939605613487045,4.544473866618286,4.581589221954346
2018-03-21,4.58983617134832,4.610455403387657,4.5774644984094275,4.593960285186768
2018-03-22,4.602207237343045,4.606331685225366,4.552721217095706,4.556845664978027
2018-03-23,4.453749430252119,4.453749430252119,4.103222846984863,4.103222846984863
2018-03-26,4.086727343855026,4.115594469044727,3.9630126212167522,4.0990986824035645
2018-03-27,4.12384134677525,4.222814052564523,4.12384134677525,4.189823150634766
2018-03-28,4.165080756251365,4.173328650095596,4.099098942650496,4.127966403961182
2018-03-29,4.140338333960717,4.247558294925889,4.10734742245376,4.226938724517822
2018-03-30,4.198071033571197,4.231061935424805,4.189823140963698,4.231061935424805
2018-04-02,4.251681152660094,4.338282199810008,4.23106258797008,4.272300720214844
2018-04-03,4.24755728369085,4.3094146430352245,4.189823369442794,4.276424407958984
2018-04-04,4.259928679065438,4.288796138009543,4.1733283079624215,4.177452087402344
2018-04-09,4.173327962981869,4.189823079378019,4.111469939343551,4.1650800704956055
2018-04-10,4.181575893269278,4.284672059601799,4.173328667966219,4.272300720214844
2018-04-11,4.292919515251485,4.309414632750237,4.247557273553494,4.264052391052246
2018-04-12,4.259928744276986,4.301167542172148,4.251680850982666,4.251680850982666
2018-04-13,4.247557598732104,4.305291517262285,4.2269380317036775,4.255805492401123
2018-04-16,4.255805480812573,4.26405270588266,4.140337644066632,4.181575775146484
2018-04-17,4.165079958635029,4.218690088347289,4.123841165887628,4.148584842681885
2018-04-18,4.177452529996995,4.206319657711312,4.140337842529019,4.1939473152160645
2018-04-19,4.214566501166998,4.272300417074357,4.1980713831548,4.251680850982666
2018-04-20,4.239309554450229,4.251680893081876,4.123841721492174,4.132089614868164
2018-04-23,4.140337334861393,4.177452017778552,4.119718103717218,4.152709007263184
2018-04-24,4.17745302583397,4.268177531045664,4.165081350446789,4.226938724517822
2018-04-25,4.198071438719316,4.226937895622731,4.173328427085305,4.206319332122803
2018-04-26,4.210442204239633,4.226937320224734,4.107346057891846,4.107346057891846
2018-04-27,4.136213505717026,4.156832066370277,4.0784795970164796,4.148584842681885
2018-05-02,4.16508089140985,4.169204671321662,4.070232616285165,4.115594863891602
2018-05-03,4.115594730338957,4.140337743295161,4.057861144870563,4.127966403961182
2018-05-04,4.1527091399908125,4.160957033285026,4.107346562593192,4.1403374671936035
2018-05-07,4.173328267240518,4.198071277926835,4.12796602526757,4.185699939727783
2018-05-08,4.189823312101117,4.226937660342154,4.17745197411684,4.210442543029785
2018-05-09,4.189823869627486,4.226938222807211,4.169204635955083,4.1939473152160645
2018-05-10,4.202194650085393,4.210442543029785,4.17745197411684,4.210442543029785
2018-05-11,4.206318864350547,4.210442309161396,4.160956625684757,4.1650800704956055
2018-05-14,4.156832066370277,4.1815750745881735,4.140336950417132,4.148584842681885
2018-05-15,4.169203849594643,4.173327962981869,4.132089169126927,4.1650800704956055
2018-05-16,4.1568324523461655,4.165080345376762,4.127965996747815,4.152709007263184
2018-05-17,4.152709007263184,4.165080345376762,4.140337334861393,4.152709007263184
2018-05-18,4.165080656429837,4.185700223402118,4.152709317392353,4.181575775146484
2018-05-21,4.235186619538707,4.247558294925889,4.2063201569746305,4.226938724517822
2018-05-22,4.226938097413134,4.2310625457441144,4.177452406070934,4.218690872192383
2018-05-23,4.198071277926835,4.210442616125886,4.169204153552622,4.185699939727783
2018-05-24,4.185699665571456,4.206318895507563,4.16920388047674,4.198071002960205
2018-05-25,4.1898238790990865,4.206319667220203,4.127966512230292,4.144461631774902
2018-05-28,4.165079966704242,4.165079966704242,4.099098165611115,4.107346057891846
2018-05-29,4.1320893986432035,4.210442543029785,4.099098495442051,4.210442543029785
2018-05-30,4.181576028702381,4.181576028702381,4.066109187819649,4.0743560791015625
2018-05-31,4.094975563597338,4.119718576954972,4.04961331672697,4.090851783752441
2018-06-01,4.082603889774397,4.152709484290648,4.053736762283618,4.090851783752441
2018-06-04,4.082603049626013,4.119717729168852,4.078479604917918,4.107346057891846
2018-06-05,4.111470575002303,4.14033770173498,4.094975456055906,4.136214256286621
2018-06-06,4.127966237723852,4.160957143195709,4.111470450699692,4.156832695007324
2018-06-07,4.169204635955083,4.226938222807211,4.15683296203634,4.1939473152160645
2018-06-08,4.222814786764813,4.222814786764813,4.123842063767634,4.144461631774902
2018-06-11,4.1485853875205345,4.292919676795223,4.123841707476661,4.284671783447266
2018-06-12,4.27642475143026,4.321786328303414,4.2351859514081305,4.288796424865723
2018-06-13,4.247558057644024,4.4042637085389815,4.247558057644024,4.367149353027344
2018-06-14,4.324708410537542,4.473251404755703,4.256803955900334,4.447786331176758
2018-06-15,4.38836905082123,4.52842367136558,4.328952616718349,4.379881381988525
2018-06-19,4.290755878960972,4.290755878960972,3.942741818298226,3.9809389114379883
2018-06-20,3.946986603260614,4.125237644443443,3.9427419083132778,4.116749286651611
2018-06-21,4.095528304763915,4.286511698519788,4.057331901240147,4.087039947509766
2018-06-22,4.036112220976979,4.1931425568612575,3.9597190567061693,4.1634345054626465
2018-06-25,4.16343392789868,4.171921597372245,4.053088376159747,4.0573320388793945
2018-06-26,4.065820606772982,4.065820606772982,3.896057919593461,3.9724507331848145
2018-06-27,3.96396233781596,3.976694702650621,3.853616781408895,3.8748371601104736
2018-06-28,3.891812786450059,3.891812786450059,3.8281520009454626,3.8366403579711914
2018-06-29,3.83664075367506,3.891813187844308,3.7899559893384454,3.8748371601104736
2018-07-02,3.8663482923580914,3.8748366491399433,3.6541445333253906,3.7305383682250977
2018-07-03,3.7347825746582717,3.760246960645071,3.6286806796846993,3.7517592906951904
2018-07-04,3.7305385471609207,3.8281520745774666,3.713561832782927,3.722050189971924
2018-07-05,3.7305380104011423,3.7305380104011423,3.514090265755766,3.535310983657837
2018-07-06,3.573507381392628,3.581995049291885,3.446185138185441,3.535310983657837
2018-07-09,3.5225787225050644,3.6159485948535406,3.5183350596222085,3.6117045879364014
2018-07-10,3.611704785493068,3.717807028430932,3.6032164271602016,3.675365924835205
2018-07-11,3.611704271318687,3.611704271318687,3.4843820107604384,3.577751874923706
2018-07-12,3.5692635675177353,3.675365452794234,3.5692635675177353,3.6456570625305176
2018-07-13,3.658389227767675,3.7560027505021742,3.637168507830166,3.7305383682250977
2018-07-16,3.7008298130508153,3.739026216281406,3.6796097801639625,3.722050189971924
2018-07-17,3.71780748633417,3.7220511499718203,3.6329259567568988,3.6796107292175293
2018-07-18,3.6711214694717342,3.709318217220363,3.641412734985351,3.6414127349853516
2018-07-19,3.654145201020191,3.7008303117651997,3.6499015379052104,3.675365924835205
2018-07-20,3.662632880413504,3.756002740561318,3.6074604536658073,3.717806339263916
2018-07-23,3.7050742847520155,3.798443464608435,3.6880975698191873,3.7814674377441406
2018-07-24,3.8026874581762358,3.980938475782526,3.8026874581762358,3.900300979614258
2018-07-25,3.8875690171359767,3.980938533612923,3.840883914863264,3.93849778175354
2018-07-26,3.9130336098025635,3.9300096362315267,3.85361648519842,3.8663485050201416
2018-07-27,3.904545404129919,3.955473829428128,3.8748370126916836,3.891813039779663
2018-07-30,3.917277071529103,3.9979145690692666,3.9003010459705343,3.9512298107147217
2018-07-31,3.934253861808493,3.9384978682808223,3.845128005718337,3.9130334854125977
2018-08-01,3.934254289281749,3.96396233781596,3.8196640378726565,3.8748371601104736
2018-08-02,3.8705931290528626,3.9045458753953453,3.7347828317515583,3.8790814876556396
2018-08-03,3.8621049414866064,3.9045453526816094,3.7814674377441406,3.7814674377441406
2018-08-06,3.7984441010089154,3.8026884524703646,3.692342883227821,3.777224063873291
2018-08-07,3.7772232140925697,3.9257655048295867,3.764491194675581,3.9130334854125977
2018-08-08,3.896058203406028,4.14221406614268,3.8748374789241677,3.968207359313965
2018-08-09,3.908789445202315,4.040355708914426,3.874836705648241,4.006402969360352
2018-08-10,3.968207359313965,4.0021594175751405,3.930010261667204,3.968207359313965
2018-08-13,3.946986062970868,3.980938457387725,3.870592229438798,3.976694107055664
2018-08-14,3.9639619071147996,3.9639619071147996,3.8960574595232798,3.9130334854125977
2018-08-15,3.9130337826583514,3.946986525084634,3.845128297805786,3.845128297805786
2018-08-16,3.8705929589685675,4.053088704514321,3.836640902186656,4.031867980957031
2018-08-17,4.023378455082024,4.082795569309519,3.96396134085453,3.9979140758514404
2018-08-20,4.002158989294656,4.244070818861104,3.9809389551522263,4.2398271560668945
2018-08-21,4.244070668051119,4.256803720186944,4.154945495717088,4.214362621307373
2018-08-22,4.167677412790028,4.286511307191085,4.16343340656753,4.1804094314575195
2018-08-23,4.180410856013989,4.214363605432482,4.074308944124129,4.1676788330078125
2018-08-24,4.171920933978468,4.188897646363143,4.108260154724121,4.108260154724121
2018-08-27,4.095528213620949,4.197386434198411,4.095528213620949,4.17616605758667
2018-08-28,4.167677896962636,4.2058743014367375,4.137969505919608,4.193141937255859
2018-08-29,4.193141082635392,4.205873444221238,4.120991951073455,4.1846537590026855
2018-08-30,4.1719210667417554,4.261046917409372,4.120992304103883,4.137969017028809
2018-08-31,4.116748641923991,4.214362160985618,4.104016279247409,4.137969017028809
2018-09-03,4.137969143879244,4.197386264801025,4.065820003924803,4.197386264801025
2018-09-04,4.197386313890574,4.210118333072137,4.1209924786299945,4.159189224243164
2018-09-05,4.159189265250953,4.159189265250953,3.993670950053257,4.006402969360352
2018-09-06,4.010647601434038,4.070064732905277,3.9639624912560163,4.031867980957031
2018-09-07,4.065819545845262,4.129480321904622,3.993670414019574,3.9979140758514404
2018-09-10,4.010647832886709,4.184655230244575,4.010647832886709,4.1634345054626465
2018-09-11,4.125237383136309,4.159189436015873,3.9682067303285162,4.087039947509766
2018-09-12,4.0658202078426084,4.099772260299201,4.014890753020705,4.053088188171387
2018-09-13,4.087039595525484,4.091284289838384,3.9809384073117244,4.044599533081055
2018-09-14,4.036111831665039,4.078552933100831,4.00215908813012,4.036111831665039
2018-09-17,4.027623024609482,4.031867375103736,3.959718233180856,4.0021586418151855
2018-09-18,4.002158598791478,4.082796096801758,3.976694216270927,4.082796096801758
2018-09-19,4.061576609067249,4.17616687152494,4.05733260172459,4.1634345054626465
2018-09-20,4.167677581065113,4.193141619428238,4.1337248418457975,4.159189224243164
2018-09-21,4.1549453555608356,4.21011847261232,4.133724978853996,4.201630115509033
2018-09-25,4.18041003468649,4.23558315564306,4.167678014181781,4.210118770599365
2018-09-26,4.227094634481722,4.3713932695284905,4.210118607798555,4.316219806671143
2018-09-27,4.3162192862177955,4.3671487362632355,4.25680319999115,4.294999599456787
2018-09-28,4.278023233498363,4.320464330631464,4.222850804924657,4.265291213989258
2018-10-08,4.201629969629556,4.350172257385834,4.180409593659482,4.218605995178223
2018-10-09,4.286511395667073,4.358660535041405,4.26953537042669,4.320464134216309
2018-10-10,4.32470764257011,4.3671487362632355,4.273779224627335,4.294999599456787
2018-10-11,4.227095174087119,4.227095174087119,3.9342545480090543,3.9469869136810303
2018-10-12,4.027622971269602,4.184654304518479,3.959718180740274,4.171921253204346
2018-10-15,4.214362697014229,4.235583074818086,4.044600018617642,4.0573320388793945
2018-10-16,4.087040188072126,4.125237625946962,3.7644915383200184,3.853616714477539
2018-10-17,3.8918131422819675,3.925765885420714,3.6965860733541573,3.806931972503662
2018-10-18,3.7772237564950237,3.7772237564950237,3.6329254515093625,3.666877508163452
2018-10-19,3.645657128962929,3.756003022854397,3.611704387442048,3.7390263080596924
2018-10-22,3.751759002956473,3.95123006856048,3.7220502682217913,3.904545307159424
2018-10-23,3.887569280493049,3.9724504459277115,3.819663797690498,3.904545307159424
2018-10-24,3.9003012967274437,3.9384980447584375,3.836640508721471,3.862104892730713
2018-10-25,3.7984429241206694,3.900300790984218,3.739025806447415,3.89605712890625
2018-10-26,3.8790806603435564,4.023378941438066,3.8790806603435564,3.93849778175354
2018-10-29,3.90454530338994,3.9257656807366854,3.853616535371457,3.862104892730713
2018-10-30,3.8833244944363554,3.9087895659398613,3.7899556618984613,3.8875691890716553
2018-10-31,3.883324121937454,3.9384975781503595,3.8748364536522883,3.9172768592834473
2018-11-01,3.9257653615531227,3.9554734057751917,3.8918126229451464,3.900300979614258
2018-11-02,3.9300093497110895,3.9936708203154425,3.9087893182219493,3.976694107055664
2018-11-05,3.9554743053630856,3.9979154102924936,3.938498620266811,3.968207359313965
2018-11-06,3.9469865446959624,4.0106473350015746,3.9427418498116085,3.989426612854004
2018-11-07,3.9682067040553943,4.006403107326268,3.9257656061341626,3.942741632461548
2018-11-08,3.9682072937781183,3.997915344266012,3.9427422183998595,3.9469869136810303
2018-11-09,3.9384986217378275,3.951230643590524,3.8790814876556396,3.8790814876556396
2018-11-12,3.883324074514739,3.9894259473824865,3.8621043880096244,3.985182285308838
2018-11-13,3.9597188206379705,4.023379615051195,3.9427421042108084,4.01913595199585
2018-11-14,4.014891147613525,4.099772663234374,3.9894267617341286,4.014891147613525
2018-11-15,4.01489093923741,4.061576045633312,4.01489093923741,4.0573320388793945
2018-11-16,4.065820061436325,4.095528106266085,4.023378965291086,4.070064067840576
2018-11-19,4.065820249381973,4.087039938349886,4.0064031248731276,4.074307918548584
2018-11-20,4.053088042223571,4.146456871185585,4.044599685380827,4.070064067840576
2018-11-21,4.027623148791989,4.091284623791953,3.968206712485656,4.061575889587402
2018-11-22,4.065819908337498,4.070063914581941,4.019135151580168,4.044599533081055
2018-11-23,4.057331955396637,4.074307982063012,3.887569280493049,3.904545307159424
2018-11-26,3.83664075367506,3.921522268481373,3.83664075367506,3.8748371601104736
2018-11-27,3.8833245314491047,3.9130336098025635,3.8578601477714023,3.8663485050201416
2018-11-28,3.874836953727351,3.9045453447135063,3.8408842119995166,3.88332462310791
2018-11-29,3.904545159581279,3.9342538931930746,3.840884029885753,3.849372386932373
2018-11-30,3.8663485553589467,3.874836912718202,3.836640508721471,3.862104892730713
2018-12-03,3.9172775722859225,4.010647444964992,3.900301544557259,3.993671417236328
2018-12-04,3.976694091863318,4.1167487073962175,3.9469860478920165,4.023378849029541
2018-12-05,3.97245055383995,4.019135660543478,3.9554738386438744,3.9809389114379883
2018-12-06,4.002158875121064,4.002158875121064,3.879080960434764,3.88332462310791
2018-12-07,3.896057882846336,3.913033910580171,3.8621051393100974,3.8748371601104736
2018-12-10,3.8705924099371103,3.8833244294243303,3.8366403579711914,3.8366403579711914
2018-12-11,3.8705924099371103,3.8705924099371103,3.819663643919734,3.8366403579711914
2018-12-12,3.862105409738114,3.8705930801650608,3.828152663824474,3.8408846855163574
2018-12-13,3.840884734028925,3.8875698462584167,3.828152712176229,3.8790814876556396
2018-12-14,3.8621052844644588,3.8833249758949946,3.806932160153001,3.81117582321167
2018-12-17,3.798443645031212,3.8111756657841926,3.760246894703703,3.772979259490967
2018-12-18,3.7517589333530506,3.7772233169144553,3.700829822195985,3.7347822189331055
2018-12-19,3.739026165856008,3.8069316463151703,3.7178064772895847,3.7262938022613525
2018-12-20,3.734782218933106,3.7517589333530506,3.7135618419595593,3.7347822189331055
2018-12-21,3.7305391988950194,3.7347828621795123,3.671122064328749,3.7008304595947266
2018-12-24,3.7050741636624416,3.739026216281406,3.683853786741333,3.722050189971924
2018-12-25,3.722050189971924,3.722050189971924,3.722050189971924,3.722050189971924
2018-12-26,3.722050189971924,3.722050189971924,3.722050189971924,3.722050189971924
2018-12-27,3.722050189971924,3.722050189971924,3.722050189971924,3.722050189971924
2018-12-28,3.722050189971924,3.722050189971924,3.722050189971924,3.722050189971924
2019-01-02,3.722050189971924,3.722050189971924,3.722050189971924,3.722050189971924
2019-01-03,4.095528355476383,4.095528355476383,3.8069317740154704,3.862104892730713
2019-01-04,3.747514844027996,3.849372729409955,3.722050458691077,3.806931972503662
2019-01-07,3.8111754366437043,3.90454530338994,3.781467390006229,3.862104892730713
2019-01-08,3.8493726486347764,3.874837033437352,3.8239086078664744,3.845128297805786
2019-01-09,3.8493722157365275,3.9257653615531227,3.836640196784212,3.900300979614258
2019-01-10,3.904545404129919,3.908789754936185,3.8621049923756994,3.891813039779663
2019-01-11,3.891812492218199,3.896057186461526,3.828151711526535,3.8705921173095703
2019-01-14,3.8663483821142317,3.9682066016556234,3.8493723562249134,3.9130334854125977
2019-01-15,3.90454552218857,3.9130338800234865,3.8663487720171488,3.908789873123169
2019-01-16,3.908789903646712,3.908789903646712,3.8663488022092714,3.8748371601104736
2019-01-17,3.891812796028474,3.900301153075094,3.849372386932373,3.849372386932373
2019-01-18,3.845127722465989,3.9469859345039686,3.845127722465989,3.9172768592834473
2019-01-21,3.91303376170818,3.917277424445903,3.8790810194636784,3.891813039779663
2019-01-22,3.9045454337154677,3.9087897845538944,3.84512830635451,3.8578603267669678
2019-01-23,3.8493727744754365,3.896057882846336,3.8408844165742346,3.8748371601104736
2019-01-24,3.896058204861194,3.900301868111113,3.853617099915934,3.8790814876556396
2019-01-25,3.8875694945873,3.917277542889522,3.8748371298520654,3.908789873123169
2019-01-28,3.866348684459694,3.9766945815404613,3.866348684459694,3.9342541694641113
2019-01-29,3.921522591136223,3.968207359313965,3.866349120324561,3.968207359313965
2019-01-30,3.9766948489965386,4.087040409464419,3.9512304624243897,4.01913595199585
2019-01-31,4.027623622140837,4.065820718050506,3.98518320721012,4.01913595199585
2019-02-01,4.019135447646287,4.082796234070905,4.014890753020705,4.053088188171387
2019-02-11,4.074308008438907,4.167677875879732,4.074308008438907,4.125237464904785
2019-02-12,4.1464565534698865,4.159188915741285,4.099771798531783,4.108260154724121
2019-02-13,4.10826031817934,4.150701412761199,4.0912842931876705,4.146456718444824
2019-02-14,4.137970290727834,4.15494632080966,4.07855349737278,4.142214298248291
2019-02-15,4.142213511718411,4.1464571743987415,4.074308028147777,4.078552722930908
2019-02-18,4.09552853450302,4.150701999664307,4.09552853450302,4.150701999664307
2019-02-19,4.150702187366672,4.180410236646219,4.120993105984246,4.1549458503723145
2019-02-20,4.176166019017929,4.439298548959685,4.171921324473131,4.299243927001953
2019-02-21,4.316219756268364,4.337440477443044,4.265291332779316,4.282268047332764
2019-02-22,4.311976079135753,4.40110193805228,4.290755702066915,4.371393203735352
2019-02-25,4.3713937090380695,4.558133117636475,4.337440964189524,4.545401096343994
2019-02-26,4.528423698426756,4.995271633617834,4.456274212489567,4.689698696136475
2019-02-27,4.914633731438982,5.06742071438782,4.791556169480564,4.889169692993164
2019-02-28,4.889170219665938,4.914634260854801,4.7151635299687555,4.766092300415039
2019-03-01,4.766091662698228,4.880681208852815,4.7363825865168785,4.829752445220947
2019-03-04,4.83399679555213,4.9103899409999325,4.800044401142296,4.829752445220947
2019-03-05,4.800045021851647,4.817020705200395,4.736383198993913,4.812777042388916
2019-03-06,4.821264341149192,4.9655626270097954,4.800044652587104,4.918878555297852
2019-03-07,4.901901831757036,4.95707494850452,4.859461422611453,4.90614652633667
2019-03-08,4.855217206989005,4.8594615576523355,4.689698884249671,4.693942546844482
2019-03-11,4.7278958524622965,4.795800654703873,4.70667547274894,4.787312984466553
2019-03-12,4.825508617455987,4.9103901226723305,4.787312215336029,4.821264266967773
2019-03-13,4.778823722636675,4.829752486705995,4.736382627199927,4.749114990234375
2019-03-14,4.757603752945694,4.880681667288965,4.74911539552026,4.8339972496032715
2019-03-15,4.808532317887722,4.880681809958756,4.808532317887722,4.846729755401611
2019-03-18,4.8721943697007335,5.330554008483887,4.846729983549924,5.330554008483887
2019-03-19,5.377237995326497,5.453631142719819,5.24567173256502,5.292356491088867
2019-03-20,5.254159965539957,5.44938772147773,5.2414279449576755,5.428167343139648
2019-03-21,5.423923215430867,5.449387600062348,5.34328571073595,5.368750095367432
2019-03-22,5.34752959568948,5.406946377131376,5.241427708780002,5.309332847595215
2019-03-25,5.245671586006661,5.292356343226188,5.169277752679217,5.207475185394287
2019-03-26,5.232940154813709,5.275380222444389,5.037712059335601,5.058932781219482
2019-03-27,5.0971289639979735,5.19898718607844,5.067420917951118,5.1904988288879395
2019-03-28,5.19474303886744,5.203230707759649,5.07166444319411,5.07590913772583
2019-03-29,5.063176704874662,5.372993644887222,5.058932354435387,5.292356491088867
2019-04-01,5.517291828547143,5.653102439327787,5.423922657197503,5.572464942932129
2019-04-02,5.572465439648719,5.593686161255786,5.470607558492421,5.52578067779541
2019-04-03,5.538512607171276,5.805889153787105,5.462119799615697,5.729496002197266
2019-04-04,5.74222848575565,6.302446318554089,5.733740128268239,6.08599853515625
2019-04-08,6.136927064505177,6.69290018081665,6.098730317387781,6.69290018081665
2019-04-09,6.705632776015468,6.875395805299042,6.4000601489873175,6.841443061828613
2019-04-10,6.697143755820148,6.951788261481407,6.633482285370601,6.68441104888916
2019-04-11,6.680168104148606,6.777781630355647,6.37459481788463,6.476452350616455
2019-04-12,6.450988486899933,6.450988486899933,6.217564681346421,6.35337495803833
2019-04-15,6.493429033663023,6.540113105211906,6.2175644824631755,6.2260518074035645
2019-04-16,6.247273257779589,6.366107517991331,6.111462969566989,6.285470008850098
2019-04-17,6.3873269641889925,6.506161213446229,6.3151781637676665,6.434012413024902
2019-04-18,6.4340126655073115,6.489184753589219,6.323665737069321,6.34064245223999
2019-04-19,6.366107332661592,6.472208880715289,6.28122581899121,6.408547401428223
2019-04-22,6.40854815036945,6.450989600233163,6.102975491127301,6.132684230804443
2019-04-23,6.1963435885851075,6.238783652442665,5.7337396678186945,5.801644802093506
2019-04-24,5.882282939126418,6.124195457827946,5.865306223669077,6.1072187423706055
2019-04-25,6.124194999659681,6.145415032308133,5.729495855747693,5.746471881866455
2019-04-26,5.737984436598323,5.814377245180248,5.576709429907035,5.614905834197998
2019-05-06,5.385725513631008,5.513048110464439,5.097128613706697,5.207475185394287
2019-05-07,5.3347975675429655,5.576709747314453,5.266893112520791,5.576709747314453
2019-05-08,5.440899365499053,5.602174034500582,5.339042168704694,5.470607757568359
2019-05-09,5.3899710112335475,5.687055279935694,5.36450662568569,5.580954074859619
2019-05-10,5.687054880058619,5.865305910394439,5.593686046338709,5.805889129638672
2019-05-13,5.733739496307935,5.886526129864583,5.708275114720865,5.750716209411621
2019-05-14,5.716763803887525,5.827109693207832,5.644614317153065,5.7379841804504395
2019-05-15,5.793157294521667,5.822866029881225,5.623394272013117,5.767692565917969
2019-05-16,5.967163428570918,6.069020951567603,5.861061899455074,5.996871471405029
2019-05-17,6.013849046904124,6.018093053632273,5.746472150585177,5.788913249969482
2019-05-20,5.793157294521667,5.8101340096136465,5.572465502874261,5.767692565917969
2019-05-21,5.691299982470983,5.882283046350335,5.691299982470983,5.873795032501221
2019-05-22,5.860280943689627,5.860280943689627,5.288216228319252,5.6125359535217285
2019-05-23,5.657580868319359,5.6891114916202525,5.48641134127745,5.495420455932617
2019-05-24,5.495420531398083,5.626049226855904,5.472898292161821,5.508934020996094
2019-05-27,5.472898663228919,5.774696543400739,5.45037715274694,5.698121070861816
2019-05-28,5.70262539320818,5.819741336205896,5.630554661601459,5.653076171875
2019-05-29,5.653075607667812,5.8557757524308585,5.585509257887413,5.801722526550293
2019-05-30,5.905325046696167,5.905325046696167,5.590014782165338,5.69361686706543
2019-05-31,5.675598754876672,5.756678966606176,5.630554639087743,5.644067764282227
2019-06-03,5.653076054355084,5.729651524593395,5.608031939322454,5.702625274658203
2019-06-04,5.6575812538177095,5.72965161998542,5.567492291971282,5.603528022766113
2019-06-05,5.608031578822084,5.675598294738614,5.585509340183241,5.6125359535217285
2019-06-06,5.698121265651493,5.698121265651493,5.54046594005969,5.66208553314209
2019-06-10,5.657581523004249,5.693617255513653,5.590015163545286,5.66208553314209
2019-06-11,5.702625367010196,5.896316780948301,5.644067760921005,5.855776309967041
2019-06-12,5.855776593147117,5.981900926689699,5.81073247520672,5.8512725830078125
2019-06-13,5.8963160636929155,5.8963160636929155,5.774695760965549,5.824244976043701
2019-06-14,5.819741390067974,5.8467680059557905,5.693617060877945,5.698121070861816
2019-06-17,5.666590967091452,5.76568795924283,5.630555232493711,5.743166446685791
2019-06-18,5.729651501694359,5.7611832219146635,5.680103377011197,5.69361686706543
2019-06-19,5.810731868552307,5.837758482551169,5.738660411034503,5.752173900604248
2019-06-20,5.806227415289585,5.83775877079567,5.707130069161158,5.788209915161133
2019-06-21,5.797219068204876,5.90082115518228,5.765687347352332,5.815236568450928
2019-06-24,5.792714138067766,6.2972121933105365,5.792714138067766,6.08099889755249
2019-06-25,6.026945090881446,6.026945090881446,5.824245305162795,5.927847385406494
2019-06-26,5.923343373556577,5.9278477486013035,5.806227431549775,5.846767902374268
2019-06-27,5.765687626984987,5.887307950388264,5.765687626984987,5.8512725830078125
2019-06-28,5.860280847765098,5.8828023557540545,5.689111325714822,5.720643043518066
2019-07-01,5.779200890340827,5.923343449607309,5.774696515238267,5.900821208953857
2019-07-02,5.9008212084983045,5.941360949558865,5.783705630137528,5.860281467437744
2019-07-03,5.806228065886079,5.8377594249253,5.7521748291626835,5.783706188201904
2019-07-04,5.7837062482926855,5.837759485577676,5.761184005233824,5.779201507568359
2019-07-05,5.779200816140763,5.8557762873230725,5.765687325865932,5.846767902374268
2019-07-08,5.869289217990032,5.891811822748724,5.468394375182428,5.581005573272705
2019-07-09,5.590014127489072,5.6215447485947285,5.472897835969573,5.526951789855957
2019-07-10,5.486411337696819,5.5900145130308045,5.4413675901535115,5.454880714416504
2019-07-11,5.544969649530156,5.567491888359026,5.3602877293021765,5.396322727203369
2019-07-12,5.436863061983631,5.481907173396524,5.369295982012753,5.477403163909912
2019-07-15,5.526952443555981,5.526952443555981,5.396323013255296,5.472898483276367
2019-07-16,5.472898521378839,5.549473991933029,5.472898521378839,5.499925136566162
2019-07-17,5.504429610064113,5.558482837820266,5.481907370975612,5.522447109222412
2019-07-18,5.517942900695577,5.535960399204489,5.42785394758856,5.477403163909912
2019-07-19,5.4864116464021775,5.549473991933029,5.4864116464021775,5.499925136566162
2019-07-22,5.53596111473989,5.549474240368175,5.423349908800867,5.468394756317139
2019-07-23,5.5314558857920275,5.833254090212732,5.450376414254994,5.824244976043701
2019-07-24,5.860281377329857,5.873794502428714,5.788209916240026,5.828749656677246
2019-07-25,5.8512717151576235,5.963882906157996,5.806226873616861,5.945864677429199
2019-07-26,5.945864677429199,5.945864677429199,5.945864677429199,5.945864677429199
2019-07-29,6.126043560524219,6.126043560524219,5.68911187668311,5.855776309967041
2019-07-30,5.855776568964037,5.972892881744344,5.734156976344359,5.923343658447266
2019-07-31,5.945865791902523,6.126044096415754,5.882803440093994,5.882803440093994
2019-08-01,5.900821439092393,6.049468379258829,5.8828032076981165,5.932352066040039
2019-08-02,5.855776590888038,5.9819009243819625,5.405332490532497,5.932352066040039
2019-08-05,5.959378610170355,6.035954084388454,5.770192659947757,5.797219276428223
2019-08-06,5.936856321532939,5.936856321532939,5.630554099642039,5.801722526550293
2019-08-07,5.828748996763441,5.968386797819473,5.774695772206463,5.905324459075928
2019-08-08,5.905324459075928,5.968386797819473,5.828748996763441,5.905324459075928
2019-08-09,5.864786104220172,6.017937064907875,5.7206442598404275,5.779201507568359
2019-08-12,5.797219008866786,5.887307604596889,5.68010343276294,5.819741249084473
2019-08-13,5.8152368264710335,5.981900901985753,5.788210209762141,5.923343658447266
2019-08-14,5.936857223510742,5.9909100924628635,5.873794873642037,5.936857223510742
2019-08-15,5.837758658404513,5.990909597391706,5.792713813528665,5.959378242492676
2019-08-16,5.968386797819473,6.0044225242845295,5.900820449693554,5.905324459075928
2019-08-19,5.93685682645974,6.175591623452672,5.93685682645974,6.112529277801514
2019-08-20,6.23865320419279,6.400813615516211,6.171086852995529,6.387300491333008
2019-08-21,6.3873011759509115,6.463877015092609,6.207123246404323,6.4503631591796875
2019-08-22,6.441353343949646,6.4458584486967725,6.283698046798768,6.297211170196533
2019-08-23,6.33324793052131,6.409823769510395,6.225140734840014,6.270185947418213
2019-08-26,6.162078079867977,6.29721151202462,6.090007354219847,6.28820276260376
2019-08-27,6.34225589833399,6.360274127198209,6.2431581955650985,6.346760272979736
2019-08-28,6.346760443950436,6.373787422834209,6.2611758628132845,6.34225606918335
2019-08-29,6.355770417248844,6.481894381082456,6.288203329933907,6.441354274749756
2019-08-30,6.531443978204847,6.553965856342556,6.382797391651794,6.508922100067139
2019-09-02,6.5134249913153965,6.8377443442758805,6.481893638827061,6.747655391693115
2019-09-03,6.720629826390935,6.824231913294826,6.689099200982716,6.729638576507568
2019-09-04,6.72963861477323,6.833240702266217,6.711620384156208,6.797204971313477
2019-09-05,6.824232011154457,6.918825349298184,6.671081066131592,6.671081066131592
2019-09-06,6.752161382731378,6.914321080493516,6.67558554390182,6.842250347137451
2019-09-09,6.851258491177463,7.2971989460825695,6.846754846185144,7.211615085601807
2019-09-10,7.297198544462324,7.297198544462324,7.0179229111784185,7.13503885269165
2019-09-11,7.126030009403837,7.531429598666958,7.0854899044212685,7.405304908752441
2019-09-12,7.405305080027045,7.738633947249372,7.256658511840489,7.400800704956055
2019-09-16,7.400799832222311,7.6215178360792954,7.400799832222311,7.5044026374816895
2019-09-17,7.504403613393084,7.639536327723303,7.382783294158313,7.472872257232666
2019-09-18,7.472872499606682,7.74764377286722,7.472872499606682,7.603500843048096
2019-09-19,7.617013580383778,7.653049311000682,7.414313782370804,7.594492435455322
2019-09-20,7.6125111104379,8.040433377994793,7.6125111104379,7.806201457977295
2019-09-23,7.963856201768532,8.008900681908841,7.603500360646069,7.864758491516113
2019-09-24,7.810705325514548,7.972865017181896,7.752147719935891,7.770164489746094
2019-09-25,7.873768031788416,7.873768031788416,7.522421635653943,7.6395368576049805
2019-09-26,7.608005252496109,7.698094210249581,7.274676400920772,7.328729629516602
2019-09-27,7.333233572779796,7.387286067913107,7.06747109002034,7.153055667877197
2019-09-30,7.2926941717483915,7.409809383017455,7.162065105116517,7.216118335723877
2019-10-08,7.252154427483363,7.698094880200546,7.252154427483363,7.454854965209961
2019-10-09,7.6800759860017935,7.6800759860017935,7.297198280417393,7.409809112548828
2019-10-10,7.346747283032938,7.486385097451217,7.292694053303488,7.436836242675781
2019-10-11,7.792686939239502,8.09448517170328,7.56296016626242,7.792686939239502
2019-10-14,7.815209370995346,7.977369786106209,7.635031456552727,7.666562080383301
2019-10-15,7.603501000835891,7.914308013001075,7.598996625470735,7.729625701904297
2019-10-16,7.72962492049399,7.810705129432855,7.427827419850056,7.463862419128418
2019-10-17,7.436835362782903,7.589986283943096,7.229631218288594,7.2476487159729
2019-10-18,7.364765762467006,7.463862745091558,7.094498144107187,7.27467679977417
2019-10-21,7.211614690978,7.31071167185708,7.08098489406483,7.216118335723877
2019-10-22,7.1890921326809325,7.423322556754296,7.1890921326809325,7.351252555847168
2019-10-23,7.342243581918985,7.770165084073393,7.342243581918985,7.64854621887207
2019-10-24,7.580978359575324,8.175564611196418,7.5674645045611895,8.067458152770996
2019-10-25,8.216104871177306,8.279166851405456,8.0764670554511,8.175564765930176
2019-10-28,8.256643812825759,8.977354664868907,8.198086215846262,8.87375259399414
2019-10-29,8.806186248291827,9.049426115213816,8.607990124983923,8.87375259399414
2019-10-30,8.873752717347498,9.346719334681923,8.873752717347498,9.270143508911133
2019-10-31,9.234107654875121,9.234107654875121,8.85573436626732,8.87375259399414
2019-11-01,9.013391024053409,9.459330689731418,8.93681519396066,9.144020080566406
2019-11-04,9.391763865448313,9.45032219842706,9.107984601563372,9.19356918334961
2019-11-05,9.198074220839239,9.33771205166867,9.03591524287419,9.207083702087402
2019-11-06,9.270143591638869,9.504374715184372,9.19356849546591,9.324196815490723
2019-11-07,9.220595178382535,9.436808814297994,9.103479976210872,9.3377103805542
2019-11-08,9.346720340260742,9.887253362390647,9.270144506251441,9.810677528381348
2019-11-11,9.743111006336175,9.743111006336175,8.828709040319188,9.09897518157959
2019-11-12,9.017895328310747,9.211586359087963,8.918796895319367,9.171046257019043
2019-11-13,9.098974991125122,9.310684255152427,9.089966971933132,9.135010719299316
2019-11-14,9.261134842710426,9.567436687964667,9.171045892863601,9.324196815490723
2019-11-15,9.418792648108866,9.855723626150459,9.283659197828907,9.675545692443848
2019-11-18,9.662032517273374,9.927794310883394,9.635004804961207,9.819687843322754
2019-11-19,9.729598806166495,10.013378829160288,9.693563073814584,9.995361328125
2019-11-20,10.040405153735618,10.085449636932774,9.774642629844259,9.819687843322754
2019-11-21,9.752120706514022,9.8602264351783,9.607977787544906,9.81518268585205
2019-11-22,9.96833434063293,10.071936432089704,9.598969727368491,9.616987228393555
2019-11-25,9.801669753518981,10.031396531000148,9.662031937021853,9.779147148132324
2019-11-26,9.698067276650708,9.954821043526723,9.603473937334558,9.851218223571777
2019-11-27,9.936802586104001,10.396256146679123,9.824191018357618,10.261122703552246
2019-11-28,10.36922870519624,10.36922870519624,10.139501935116328,10.360219955444336
2019-11-29,10.360219183538758,10.517875213575737,10.225085756484727,10.43679428100586
2019-12-02,10.504361359673483,10.585441561962146,10.382741056240489,10.43679428100586
2019-12-03,10.603460528473764,10.60796490363787,10.27013165436079,10.454813957214355
2019-12-04,10.454812097339227,10.927778708244267,10.39175012597895,10.684538841247559
2019-12-05,10.662018033971327,11.20255108159149,10.662018033971327,11.166515350341797
2019-12-06,11.20705618699385,11.297145149977428,10.76562012231805,11.166515350341797
2019-12-09,11.098948117044518,11.21155967702459,10.896248331474142,11.139488220214844
2019-12-10,11.11696655215041,11.17101978061756,10.94579738677005,10.99084186553955
2019-12-11,11.062912687615338,11.459304250218938,11.026877688517871,11.19354248046875
2019-12-12,11.112463560001821,11.396243611124717,10.9593125951771,11.382730484008789
2019-12-13,11.432278662615808,11.495340648996114,11.238587597757885,11.31966781616211
2019-12-16,11.486331101634379,11.486331101634379,11.103453398246566,11.216063499450684
2019-12-17,11.261109208942928,11.364711295359633,10.824178257809136,10.891744613647461
2019-12-18,10.936789409091473,11.017869622656217,10.738593980627716,10.765620231628418
2019-12-19,10.824177881300601,11.03588642180707,10.702557568684504,10.783637046813965
2019-12-20,10.743096126455535,10.887238292725105,10.40526294708252,10.40526294708252
2019-12-23,10.508866026922139,10.702557058676852,10.180041564349459,10.22959041595459
2019-12-24,10.234094790620398,10.306166245835808,10.049413238478538,10.22959041595459
2019-12-25,10.34670750693269,10.360221363678715,9.864732026879599,10.062928199768066
2019-12-26,10.08094342590736,10.333192047708309,9.927792503038255,10.216076850891113
2019-12-27,10.288149705081857,10.382742312152402,10.044909799074425,10.14851188659668
2019-12-30,10.148512254892989,10.39175216972776,10.148512254892989,10.337698936462402
2019-12-31,10.337697370653816,10.360219243485863,10.134997594040499,10.328688621520996
2020-01-02,10.37823795465083,10.405264203306087,10.238600145754907,10.279139518737793
2020-01-03,10.279140032351467,10.34220274292727,10.05391763089779,10.265626907348633
2020-01-06,10.22508642359098,10.32418413050637,10.10346611222322,10.157519340515137
2020-01-07,10.139502318128407,11.153002039408507,10.089953462339992,10.860213279724121
2020-01-08,10.72057570685598,10.72057570685598,10.279139669531752,10.306166648864746
2020-01-09,10.382741658447136,10.558415196834693,10.27013082784454,10.364724159240723
2020-01-10,10.310672340716687,10.468327671166644,10.283645357931464,10.346707344055176
2020-01-13,10.315175925587477,10.69354927389424,10.27013144458518,10.603460311889648
2020-01-14,10.603461529522491,10.770125617172697,10.319681485704956,10.342204093933105
2020-01-15,10.459317036526775,10.486343284163,10.225085905606687,10.463821411132812
2020-01-16,10.459316695348265,10.567423873210439,10.270130046940968,10.472829818725586
2020-01-17,10.562920817454538,10.666522910673027,10.441301222904606,10.531390190124512
2020-01-20,10.454813160437027,10.67553117806349,10.436794930872487,10.562919616699219
2020-01-21,10.801655228804968,11.3016488714163,10.495353356602207,10.504362106323242
2020-01-22,10.270132623940691,10.603461529522491,10.270132623940691,10.342204093933105
2020-01-23,10.306166863207904,10.306166863207904,9.526898314842583,9.635004043579102
2020-02-03,8.666548728942871,8.896275480115156,8.666548728942871,8.666548728942871
2020-02-04,7.828722401278387,9.526897982985012,7.828722401278387,9.450322151184082
2020-02-05,9.472844412905761,9.87824397058594,9.279153383297459,9.459330558776855
2020-02-06,9.513384703577382,9.833200444173128,9.42329647227449,9.684553146362305
2020-02-07,9.680049637670564,10.035900383677346,9.414287124233095,9.972838401794434
2020-02-10,9.927793302844808,10.355715484627181,9.55392434935435,10.157519340515137
2020-02-11,10.193555528672043,10.9998510751013,10.01788198109858,10.891744613647461
2020-02-12,10.711566610699137,10.8782306653044,10.405264019384918,10.770123481750488
2020-02-13,10.770123911406145,10.770123911406145,10.32868933131267,10.360219955444336
2020-02-14,10.441301027744448,10.707062818822562,10.207069133125684,10.337698936462402
2020-02-17,10.364723589383273,11.116965824392501,10.364723589383273,11.071921348571777
2020-02-18,11.17102067493118,11.189038175768895,10.675532099080804,10.936789512634277
2020-02-19,10.977327995298676,11.076425695803579,10.63499041807435,10.923274040222168
2020-02-20,10.954806506860052,11.06291222996158,10.81066432558928,11.031381607055664
2020-02-21,11.103454075897453,11.198047413808268,10.900754274740363,11.11696720123291
2020-02-24,11.116966836879964,11.779119450272654,10.99985089696716,11.499844551086426
2020-02-25,11.171019047803846,12.161996055162726,11.171019047803846,11.963801383972168
2020-02-26,11.936774794025734,11.963801772504704,11.486330751532424,11.5989408493042
2020-02-27,11.747589326230184,12.612443231561034,11.657500362544026,12.31965446472168
2020-02-28,12.026864770931436,12.788116574659213,11.792633615233958,12.288122177124023
2020-03-02,12.337671865474816,13.234055659361495,12.207042796159177,13.031355857849121
2020-03-03,13.152975567242747,13.175497443047819,12.657486996718,12.941267013549805
2020-03-04,12.945770967512743,13.053877428422417,12.634964709827111,12.815142631530762
2020-03-05,12.972795989625705,12.972795989625705,12.360192282270965,12.585413932800293
2020-03-06,12.666495847273234,13.513331529308862,12.666495847273234,13.112436294555664
2020-03-09,12.963788805489381,12.963788805489381,11.93227083410123,12.495327949523926
2020-03-10,12.161996824209504,12.544875257985039,11.941279536014287,12.45478630065918
2020-03-11,12.4547865724709,12.585414906191074,12.198032819404458,12.211545944213867
2020-03-12,12.207042493758438,12.23406874380721,11.508853413279097,11.752093315124512
2020-03-13,11.211561124648679,11.743085448695682,10.98183433054227,11.468314170837402
2020-03-16,11.711552640773357,11.81065034670019,11.207055361560624,11.225072860717773
2020-03-17,11.229577228913007,11.517861596945645,10.864717759226192,11.143993377685547
2020-03-18,11.441286421275853,11.878216615003623,11.080930598425628,11.171019554138184
2020-03-19,11.139489491966678,11.571916091349848,11.12597636612758,11.472818374633789
2020-03-20,11.531374953306466,12.07190797167239,11.26110880926414,12.022359848022461
2020-03-23,11.55389864011901,11.62146499988758,11.328676223754883,11.328676223754883
2020-03-24,11.477323137362726,11.594438351699306,11.270118229279161,11.481826782226562
2020-03-25,11.734076424938214,11.846687266556655,11.535880262873391,11.761102676391602
2020-03-26,11.711553699541552,11.882722878133826,11.621464735048916,11.770112037658691
2020-03-27,11.82416482266046,12.28361764784142,11.82416482266046,12.098936080932617
2020-03-30,11.900740373811393,11.981819857594905,11.5313757656064,11.540385246276855
2020-03-31,11.698039577368245,11.702543952181006,11.26561302281183,11.310657501220703
2020-04-01,11.220569192619998,11.396242011310157,11.130480230597776,11.175524711608887
2020-04-02,11.171021868652948,11.57642225335402,11.139490508536221,11.562909126281738
2020-04-03,11.580925407198018,12.071908878222278,11.544889675192485,11.936776161193848
2020-04-07,12.013352245401382,12.27911403994356,12.013352245401382,12.216052055358887
2020-04-08,12.38271482501163,12.387219199843369,12.116953058532816,12.30613899230957
2020-04-09,12.351185136063881,12.454787225598118,12.229564815557612,12.256591796875
2020-04-10,12.364696821266536,12.364696821266536,11.990827883234232,12.013350486755371
2020-04-13,12.103440769075952,12.13947577021597,11.954793468248123,12.0538911819458
2020-04-14,12.071908426048582,12.35568916596651,12.049387281095846,12.265600204467773
2020-04-15,12.31965442732263,12.333167552750137,12.044882431660795,12.0538911819458
2020-04-16,11.945785330103448,12.161997525649209,11.860200742679687,12.06290054321289
2020-04-17,12.10794441393714,12.21154650277732,11.990829199669454,12.0538911819458
2020-04-20,12.062900052054106,12.693521303466817,11.981819112748326,12.648477554321289
2020-04-21,12.540371192881787,12.79712348612387,12.46379535817908,12.670999526977539
2020-04-22,12.48181214624067,12.544874852499165,12.265599239872232,12.378210067749023
2020-04-23,12.391723990302573,12.427758990165112,12.161997214772454,12.189024925231934
2020-04-24,12.459290886784965,12.770097137576768,12.333166928614935,12.648477554321289
2020-04-27,12.693522260721483,13.288110018219882,12.693522260721483,12.959284782409668
2020-04-28,12.873700050740139,13.085410067054125,12.621450657582868,12.999825477600098
2020-04-29,13.05838120688855,13.062885581697238,12.580910174355045,12.855681419372559
2020-04-30,12.696969722240722,13.054072601117438,12.323996024746357,12.70490550994873
2020-05-06,12.593806954153216,12.657291743237417,12.149413430563797,12.23670482635498
2020-05-07,12.2367054284508,12.665228154253427,12.046251051827062,12.657292366027832
2020-05-08,12.577936386810027,12.760454969877449,12.419223654127263,12.736647605895996
2020-05-11,12.74458431738066,12.911232850132834,12.546194900748418,12.720778465270996
2020-05-12,12.736647087170656,12.81600345028009,12.554128511536666,12.609678268432617
2020-05-13,12.657292227437363,12.76045520284525,12.482708672377987,12.712841987609863
2020-05-14,12.728713848232443,12.744583911267544,12.276383752601259,12.339868545532227
2020-05-15,12.339868773379289,12.395417779019953,12.15734942273384,12.35573959350586
2020-05-18,12.443031311035156,12.577936682912329,12.181156355461447,12.443031311035156
2020-05-19,12.482709572539557,12.736648756902948,12.31606255039993,12.395418167114258
2020-05-20,12.379546132459385,12.41922355852625,12.022443243470478,12.038314819335938
2020-05-21,12.14147669800832,12.165283302862925,11.95895737599416,11.990699768066406
2020-05-22,11.911345055845212,11.982765632541161,11.744697295820787,11.89547348022461
2020-05-25,11.831990187392657,11.8875391954917,11.395531641018593,11.617729187011719
2020-05-26,11.665340967798775,12.300189615439182,11.617727754384813,12.23670482635498
2020-05-27,12.323997411816686,12.625550567475623,12.16528542378526,12.25257682800293
2020-05-28,12.268448140419656,12.474774098806677,12.046251361971256,12.260512351989746
2020-05-29,12.16528454079498,12.625549651078018,12.16528454079498,12.570000648498535
2020-06-01,12.641421546375064,12.760455342565296,12.506516173733644,12.657292366027832
2020-06-02,12.696970496581773,12.800132715883894,12.47477372479515,12.562065124511719
2020-06-03,12.720778693077936,12.728714481788908,12.363675769068834,12.395418167114258
2020-06-04,12.395415996431183,12.593806138672653,12.33193121145778,12.403351783752441
2020-06-05,12.427159123306467,12.506515487611987,12.117670967471366,12.284317970275879
2020-06-08,12.228768246676417,12.546192928341766,12.228768246676417,12.403351783752441
2020-06-09,12.514451067922248,12.52238609878254,12.173219766583589,12.387480735778809
2020-06-10,12.387481987104797,12.665228528827587,12.387481987104797,12.577937126159668
2020-06-11,12.585870653026525,12.657291227033092,12.30018911379861,12.371609687805176
2020-06-12,12.109734688445469,12.59380637203715,11.966893541209284,12.419222831726074
2020-06-15,12.308125649407405,13.244527442322765,12.220833495072204,12.736647605895996
2020-06-16,12.950909248485557,13.33181798788883,12.617613723108496,12.990588188171387
2020-06-17,13.15723476416018,14.006344368934844,13.133427401126568,13.990472793579102
2020-06-18,13.95079536878648,14.458673671396356,13.752405217629905,13.990472793579102
2020-06-19,14.046022717270418,14.061892778362747,13.657176705373283,13.76827621459961
2020-06-22,13.90318270977308,13.966667500126515,13.5540156060308,13.688920974731445
2020-06-23,13.75240477754064,13.807953775911386,13.490529846938063,13.569886207580566
2020-06-24,13.577823142407626,13.950796101270027,13.419110407710495,13.609564781188965
2020-06-29,13.331818052649643,13.807954736015015,13.252463200086074,13.347689628601074
2020-06-30,13.347688700500896,13.673048416898139,13.347688700500896,13.569886207580566
2020-07-01,13.561953014706088,13.673051032701842,13.252464813948217,13.577824592590332
2020-07-02,13.47465869540012,13.641307209344347,13.339753332148783,13.585758209228516
2020-07-03,13.617501192674391,14.48248245781813,13.617501192674391,14.228543281555176
2020-07-06,14.395188969836829,14.696742849016129,14.268219393423463,14.672935485839844
2020-07-07,14.68087035298991,14.823711495897166,14.331703282949574,14.506287574768066
2020-07-08,14.379321894618117,14.649131165339291,14.053960584683852,14.593582153320312
2020-07-09,14.450738715673287,15.831535579183113,14.347576497115199,15.482368469238281
2020-07-10,15.39507696550814,15.39507696550814,14.617387858520726,14.68880844116211
2020-07-13,14.63325980505474,15.07765337547204,14.35551325594508,14.990361213684082
2020-07-14,14.99829663732507,15.434755922045344,14.538031500767053,14.807842254638672
2020-07-15,14.839582805712482,15.196684143015645,14.680870091179996,14.903067588806152
2020-07-16,14.839584874953735,15.418883790660868,14.56183834259104,14.601515769958496
2020-07-17,14.498352505263215,14.601514717138347,13.855567330360273,14.022215843200684
2020-07-20,13.76827826683169,14.744357551744697,13.76827826683169,14.657065391540527
2020-07-21,14.696741794631016,15.037973074359835,14.522157504390243,14.70467758178711
2020-07-22,14.704678878298754,14.98242388526761,14.514224510550068,14.545966148376465
2020-07-23,14.593579717846628,14.760228239689207,14.339640554654894,14.609451293945312
2020-07-24,14.752293248888083,14.958619208530903,14.442805066222299,14.807842254638672
2020-07-27,14.918940723298313,15.228430429044623,14.466611361357856,15.180815696716309
2020-07-28,15.28397811403179,16.093410330412787,14.99829579916866,16.069602966308594
2020-07-29,16.109283369623125,16.141026527627677,15.601404950326918,16.03786277770996
2020-07-30,15.871212253172045,16.1568945580801,15.633144674813163,15.64107894897461
2020-07-31,15.545851774196406,15.79185512846303,15.283976845177952,15.498238563537598
2020-08-03,15.490304205265124,15.68869436717601,15.3950762615653,15.649015426635742
2020-08-04,15.633143996559742,15.672821420032543,15.157007346902708,15.244297981262207
2020-08-05,15.315720644845527,15.54585397046957,15.085588832818374,15.387141227722168
2020-08-06,15.395076452340746,15.561724977481338,14.871326539493458,15.164944648742676
2020-08-07,15.125267187494979,15.315721582291069,14.879263783416317,15.14907455444336
2020-08-10,15.15700889512358,15.442689703221474,15.006231946051711,15.4030122756958
2020-08-11,15.514108806782755,15.514108806782755,14.990358942598563,15.030037879943848
2020-08-12,15.07765189833905,15.157008263681243,14.331704485877285,14.498353004455566
2020-08-13,14.58564348089875,14.791969423041195,14.363447476742852,14.4745454788208
2020-08-14,14.426932868810662,14.66500045853093,14.347576501038299,14.633258819580078
2020-08-17,14.585643968954322,14.91893949993745,14.522159177985957,14.847518920898438
2020-08-18,14.799904917624717,15.149072006147692,14.768163280629935,14.871325492858887
2020-08-19,14.839584293561577,15.299849395537025,14.823712717797687,15.109395027160645
2020-08-20,15.08558813847535,15.410947883895018,14.998295982622379,15.260170936584473
2020-08-21,15.268106602354276,15.363334545575869,14.934811071473913,15.172880172729492
2020-08-24,15.164943283889528,15.268105494094318,14.76022720336914,14.76022720336914
2020-08-25,14.79196968205792,14.918939261969394,14.522158946346838,14.56977367401123
2020-08-26,14.561837222040323,14.664999433415353,13.88731041352137,14.069828987121582
2020-08-27,14.038088622648257,14.228543001091358,13.776213663089385,14.11744499206543
2020-08-28,14.125379282793183,14.284092021807565,13.966668057375657,14.236478805541992
2020-08-31,14.299965092618212,14.561840079837213,14.244416082237972,14.339642524719238
2020-09-01,14.284091965942633,14.56183850133311,14.101573376307721,14.403125762939453
2020-09-02,14.418997485569491,14.522159707052657,13.942860779161876,14.085701942443848
2020-09-03,14.09363515820428,14.307896864016708,13.855566091658275,13.911116600036621
2020-09-04,13.728598081806954,14.077765177428388,13.474658926299279,13.966667175292969
2020-09-07,13.966668644860928,14.149187242887017,13.41117554854153,13.490531921386719
2020-09-08,13.411174671291041,13.49053103894538,13.0858149261454,13.442917823791504
2020-09-09,13.323883808598401,13.768277341072436,13.260397504648173,13.688920974731445
2020-09-10,13.847635015783842,14.038089404838905,13.56195267540278,13.633373260498047
2020-09-11,13.800018404729737,13.974602706128469,13.569886616881499,13.871438980102539
2020-09-14,13.982539253648179,14.35551221251058,13.419110407710495,13.609564781188965
2020-09-15,13.776215056843009,14.101574842133227,13.538145924505796,13.926990509033203
2020-09-16,14.030151964169889,14.141249966305306,13.744469657425373,13.966667175292969
2020-09-17,13.982539260519461,14.053958326211772,13.593693211680085,13.831762313842773
2020-09-18,13.903183019619805,14.165057974863469,13.744470283400746,14.141250610351562
2020-09-21,14.16505711343372,14.260283538496621,13.569886659202025,13.704792022705078
2020-09-22,13.514338416341369,13.609564846740865,13.331818316481497,13.339754104614258
2020-09-23,13.506402093952621,13.665113309539446,13.32388351490923,13.35562515258789
2020-09-24,13.403239202305514,13.466723995221232,13.030266233125275,13.046137809753418
2020-09-25,13.054073876156293,13.204849316545035,12.935038562506282,13.157236099243164
2020-09-28,13.085814850032994,13.419110381365172,12.919167841165311,13.268333435058594
2020-09-29,13.284205364484324,13.474659742653646,12.998523040431913,13.331818580627441
2020-09-30,13.308012427734159,13.331818278467745,13.054073262597147,13.101686477661133
2020-10-09,13.16517206428982,13.728599431776171,13.16517206428982,13.641308784484863
2020-10-12,13.641307166741282,13.863503166510672,13.514337591559709,13.752405166625977
2020-10-13,13.680985186737667,13.688920974731445,13.530208242049465,13.688920974731445
2020-10-14,13.728598535880865,13.728598535880865,13.331818213877408,13.37149715423584
2020-10-15,13.323883857551012,13.665113660956415,13.26039755336753,13.522274017333984
2020-10-16,13.617500143079502,13.784148660655363,13.347689410697072,13.593692779541016
2020-10-19,13.60956389546545,13.934923618182713,13.52227325930012,13.56195068359375
2020-10-20,13.554014632732729,13.680984204322057,13.339752913076978,13.569886207580566
2020-10-21,13.617501694561465,13.649244849562702,13.188979697223331,13.411175727844238
2020-10-22,13.331818549273942,13.49846707577821,13.308012698056794,13.315948486328125
2020-10-23,13.395303862138636,13.411175439297773,13.149300470559657,13.18104362487793
2020-10-26,13.08581438302245,13.18104232297461,12.792197802563742,13.01439380645752
2020-10-27,12.823939531279747,13.093750263865319,12.577936162250584,13.085814476013184
2020-10-28,12.887424822867947,13.046137558903963,12.800132666688457,12.950909614562988
2020-10-29,12.81600432789293,12.9350381239099,12.736647959349337,12.800132751464844
2020-10-30,12.800132751464844,13.062007708140912,12.633485739760454,12.800132751464844
2020-11-02,12.935038179513096,12.935038179513096,12.538258605484774,12.633485794067383
2020-11-03,12.696969159558055,13.26039643948704,12.673162554287417,12.887423515319824
2020-11-04,12.895360246522177,13.284204773862616,12.800132304872966,12.990588188171387
2020-11-05,13.062007305267635,13.482594986058643,12.966780876829874,13.45085334777832
2020-11-06,13.458787910595579,13.966667756336589,13.331818327559532,13.784149169921875
2020-11-09,13.887312887838899,14.530096660554573,13.847635456455297,14.466611862182617
2020-11-10,14.672936156061592,14.839584678714173,14.3078989855984,14.561838150024414
2020-11-11,14.490415445070385,14.91100307044832,14.411059089429715,14.585641860961914
2020-11-12,14.839584748278645,15.41888365904071,14.545966642036644,15.363334655761719
2020-11-13,15.3157194802737,15.387140057719686,14.958618106640543,15.228428840637207
2020-11-16,15.109396382864125,16.244186907060513,14.918940483802153,15.99024772644043
2020-11-17,16.164828673266904,17.20439254447913,15.99024438784429,16.513994216918945
2020-11-18,16.569546521441737,16.688581835677187,16.109281382334935,16.648902893066406
2020-11-19,16.48225517460062,16.66477376206476,16.188637066143542,16.52193260192871
2020-11-20,16.50606087693831,16.958391717828626,16.418770234883116,16.942520141601562
2020-11-23,17.15678096529558,17.712272481259607,16.577480572663333,16.67270851135254
2020-11-24,16.664774060771215,17.045682818897024,16.506061321420365,16.974262237548828
2020-11-25,17.053621142744888,17.33930351061273,16.506063775530546,16.553678512573242
2020-11-26,16.50606198072851,16.902842331357533,16.363222325923473,16.8631649017334
2020-11-27,16.72825867845852,17.101231644347866,16.577481729015236,16.8314208984375
2020-11-30,16.855228853851784,16.91871364843214,16.545740669472163,16.648902893066406
2020-12-01,16.89490635386782,17.410720454989328,16.704450472792196,17.125038146972656
2020-12-02,17.283752781749584,17.283752781749584,16.76793711017619,16.886972427368164
2020-12-03,16.720322160894014,16.807614314174156,16.506060428441003,16.585416793823242
2020-12-04,16.60128652508649,16.704448729103532,16.45050959897241,16.53780174255371
2020-12-07,16.72032160292578,16.807613753292923,16.371154515053934,16.482254028320312
2020-12-08,16.371156061070646,16.482255584828753,15.934698295211318,16.19657325744629
2020-12-09,16.45051046840242,16.60128740248525,15.879147395410145,15.974373817443848
2020-12-10,16.236248579313706,16.4505102970528,15.91088886582693,16.053730010986328
2020-12-11,16.2838641780342,17.125038005867324,16.25212102691756,16.815549850463867
2020-12-14,16.791740836452885,16.791740836452885,16.01405187370521,16.41876792907715
2020-12-15,16.728259680176823,17.021877808401726,16.260058740918993,16.886972427368164
2020-12-16,17.22026613094786,17.252007768809353,16.466382933378565,16.63302993774414
2020-12-17,16.2997361971205,16.910776736775126,16.125151888421925,16.847291946411133
2020-12-18,16.902841988587127,17.2916880562835,16.767936611565112,17.140911102294922
2020-12-21,17.513884876778008,17.648790259941826,16.958393280030542,17.33930206298828
2020-12-22,17.220264701861897,17.220264701861897,16.037858139312952,16.33147621154785
2020-12-23,16.19657220193223,16.323541780583987,15.950568832494044,16.228315353393555
2020-12-24,16.196573372817447,16.54574049615021,16.117217002024063,16.506061553955078
2020-12-25,16.593353392830615,17.021876878683546,16.30767106892866,16.902841567993164
2020-12-28,17.28375012320667,17.28375012320667,16.5536743228994,16.8790340423584
2020-12-29,16.886969569462266,17.093295500454186,16.696515213222806,16.78380584716797
2020-12-30,16.799678842413453,17.20439495124174,16.585417105928453,17.03774642944336
2020-12-31,17.331364438141417,17.394849228575765,16.831420389073738,17.29168701171875
2021-01-04,16.95045652646131,18.73596804775102,16.91871337288966,18.410608291625977
2021-01-05,18.410606690881934,18.92642078279785,17.942405811586806,18.7439022064209
2021-01-06,18.96609759722318,19.259715678393118,18.569317306429404,19.093067169189453
2021-01-07,19.093069669060842,20.934130217220076,18.84706628036635,20.680191040039062
2021-01-08,20.19612081465702,20.90238936709202,19.680305138711024,20.878582000732422
2021-01-11,20.894454634196236,20.965875223287288,19.608885544154337,20.60877227783203
2021-01-12,20.481802221843658,20.481802221843658,19.696177272936964,20.457996368408203
2021-01-13,20.410380505774583,20.4183162943466,19.60094974818899,19.973922729492188
2021-01-14,19.950115011337974,21.9022750712562,19.73585477806635,21.783241271972656
2021-01-15,21.45787923521771,21.545169871502864,20.140567253787594,21.378522872924805
2021-01-18,20.69606192704379,21.08490646833847,20.164376224947627,20.67225456237793
2021-01-19,20.656385050924907,21.426138365839833,20.63257768562354,21.33884620666504
2021-01-20,21.346781989803834,22.378411781987246,21.09284281437311,21.783241271972656
2021-01-21,22.211762742706146,22.275247535107862,21.100778118877717,21.592784881591797
2021-01-22,22.08479153976427,22.14034053984613,21.42613629925691,21.640398025512695
2021-01-25,21.69594702559455,22.029242539682418,21.370587299175053,21.640398025512695
2021-01-26,21.56897901860655,21.965759349298807,21.108713895547407,21.91814613342285
2021-01-27,21.338845585176795,23.01325905601732,21.338845585176795,22.576801300048828
2021-01-28,21.997500773439857,22.370475249343027,21.19600433165246,22.060985565185547
2021-01-29,21.735626583182473,22.68790000647592,21.735626583182473,22.140342712402344
2021-02-01,22.299055289640986,22.600607680421007,21.50549461394983,22.560930252075195
2021-02-02,22.45776341501011,24.401987407378087,22.45776341501011,24.243274688720703
2021-02-03,23.806816304100078,26.671570350377706,23.695718312365194,26.655698776245117
2021-02-04,26.512863504701453,26.949321294778507,25.425686167121757,26.1160831451416
2021-02-05,24.552767722883782,26.489056194840455,23.505267873437393,26.266857147216797
2021-02-08,24.60038262219132,25.25903796733837,23.640174865722656,23.640174865722656
2021-02-09,22.973580847167806,24.98128827264806,22.45776522671788,24.076629638671875
2021-02-10,24.092501095651365,26.481117248535156,24.036952093993154,26.481117248535156
2021-02-18,28.171402181334905,28.576116768031177,26.568409355922483,28.1079158782959
2021-02-19,27.77462223528733,28.01268982043679,25.465360907669755,26.08433723449707
2021-02-22,25.39393988655896,28.568182372378832,25.30664773384795,27.18738555908203
2021-02-23,26.504926425013732,26.504926425013732,24.600379689767223,24.83051300048828
2021-02-24,24.632121593471155,25.354261613779023,23.251324826310043,25.005094528198242
2021-02-25,24.759092049199985,24.957482204999355,23.076742862038756,23.084678649902344
2021-02-26,22.54505824764703,22.910096938611016,21.568978998325136,22.322860717773438
2021-03-01,22.354602971273575,23.01325823255809,22.02924323459067,22.783124923706055
2021-03-02,23.12435822367092,23.402104770309577,22.140343141131403,22.497446060180664
2021-03-03,22.410150204851558,24.735282905681263,22.410150204851558,24.243274688720703
2021-03-04,24.600378065282268,25.893882662780612,23.41797297861482,24.719411849975586
2021-03-05,24.259149251995645,24.259149251995645,22.61647891998291,23.806819915771484
2021-03-08,23.386230156577472,24.275018687699117,22.23556820361793,23.052934646606445
2021-03-09,22.695834318062325,23.00532247937512,20.973807690620053,21.03729248046875
2021-03-10,21.029354046007104,22.02924049548658,20.775414918570394,21.5689754486084
2021-03-11,21.894336700439453,22.44189392887693,21.172196687884203,21.894336700439453
2021-03-12,22.30699097666993,22.489509567986314,21.592785160915632,21.92608070373535
2021-03-15,21.965756922378052,22.32285827238808,21.16426056130264,21.442007064819336
2021-03-16,21.426136799124166,21.719754895316964,20.791288906811047,21.5054931640625
2021-03-17,21.545171665689722,21.81498241179622,20.95000116932483,21.592784881591797
2021-03-18,21.537237062824946,22.497446303546155,21.537237062824946,21.91021156311035
2021-03-19,21.640396812046163,21.90227173603102,20.965870034025567,21.15632438659668
2021-03-22,21.354716013143435,21.735624744805182,21.108712646478146,21.24361801147461
2021-03-23,21.283299471035555,21.42614065088364,19.98186030103664,20.942068099975586
2021-03-24,20.61670408324138,20.61670408324138,19.418427392209388,19.569204330444336
2021-03-25,19.664432733829145,20.172311046932496,19.553333217640212,19.926307678222656
2021-03-26,20.13263366733266,20.235795882318765,19.72791756805467,20.16437530517578
2021-03-29,20.49767233141322,20.60877034241158,19.93424497438225,20.370702743530273
2021-03-30,20.378637085271166,20.83096639919243,19.981856772905594,20.72780418395996
2021-03-31,20.791289541812247,21.14839092454607,20.315152851237002,20.950000762939453
2021-04-01,20.786966186151826,21.031518107589037,20.2244949010584,20.729904174804688
2021-04-02,20.746206637334208,21.015214354515887,20.403833037755426,20.86848258972168
2021-04-06,21.015214701745908,21.642898348992187,21.015214701745908,21.49616813659668
2021-04-07,21.504319144334968,21.90375632440437,21.20270521835174,21.773326873779297
2021-04-08,21.96896693756941,22.295036627579076,21.536923626542272,21.911903381347656
2021-04-09,22.17276473288481,22.22982674469276,21.202705867680006,21.341285705566406
2021-04-12,21.341284795300492,21.618444459251652,20.925545299373752,21.072277069091797
2021-04-13,21.194550086968682,21.25976402504336,20.66468664575905,20.835872650146484
2021-04-14,20.680991447515407,21.27606885351741,20.680991447515407,21.104881286621094
2021-04-15,21.235310303815073,21.267918053471025,20.54241272667996,20.89293670654297
2021-04-16,20.95815179592753,20.97445567164615,20.558716169760338,20.640233993530273
2021-04-19,20.583173812741514,21.2760730441351,20.126676135809458,21.186403274536133
2021-04-20,21.447257228493694,21.593989000621235,20.91739370511782,21.23531150817871
2021-04-21,21.129340508768006,21.170098645416203,20.63208315657909,20.933698654174805
2021-04-22,20.93369919155979,21.51247283190269,20.852181361347515,21.16194725036621
2021-04-23,21.34128351350919,21.43095326846743,20.917392105299577,21.26791763305664
2021-04-26,21.45540794952351,22.08309313699288,20.835874699468132,20.89293670654297
2021-04-27,20.80327020000921,21.308677922280314,20.517958586560315,20.78696632385254
2021-04-28,20.762510037715472,21.97712079696328,20.623930203179917,21.789630889892578
2021-04-29,22.001574957378647,22.15645865606189,21.04782006308383,21.31682777404785
2021-04-30,21.19455096715034,21.23530909708105,20.705445633866887,21.096729278564453
2021-05-06,21.113036849509804,21.651052343885066,20.884788794213186,21.553232192993164
2021-05-07,21.55322841886794,22.00972600434843,20.982605270900077,21.096729278564453
2021-05-10,21.43910378043976,21.52062159863771,19.84136138498132,20.738054275512695
2021-05-11,20.460896437608167,20.460896437608167,19.629417417073054,19.670175552368164
2021-05-12,19.46638252128499,20.232647622174984,19.4582321377684,19.80060577392578
2021-05-13,19.547898401341886,19.662023971900574,18.63490316581099,18.700117111206055
2021-05-14,18.708269183540313,19.384864454948136,18.51262579112226,19.303346633911133
2021-05-17,19.360408294535112,20.338619019767176,19.229980405147252,20.273405075073242
2021-05-18,20.306012337005924,22.050486615350845,20.306012337005924,21.699962615966797
2021-05-19,21.77332692398053,21.854844747750462,20.281556501836466,20.640233993530273
2021-05-20,20.04515499800122,20.436438656536872,19.727237219793885,20.134824752807617
2021-05-21,20.126673666116233,20.509805403603885,19.56420241143695,19.84951400756836
2021-05-24,20.020700183995743,20.020700183995743,19.09140105995711,19.360408782958984
2021-05-25,19.384864448912484,19.89027214050293,19.164766798628044,19.89027214050293
2021-05-26,19.751693518311527,19.849515220468252,19.507141595154522,19.686479568481445
2021-05-27,19.81690646686752,19.97179017294697,19.45007860066645,19.955486297607422
2021-05-28,20.11852260353347,20.469048160755243,19.450079240842268,19.5642032623291
2021-05-31,19.890270328116287,19.890270328116287,19.172916989189574,19.31964874267578
2021-06-01,19.344104269455553,19.41747015101945,19.042490360646703,19.164766311645508
2021-06-02,19.164769038634848,19.287045007032518,18.749029502224126,18.830547332763672
2021-06-03,18.838698330969567,19.523445585605444,18.838698330969567,19.10770606994629
2021-06-04,19.034336620902767,19.05064049411161,18.65120337460963,18.71641731262207
2021-06-07,18.708271433405038,18.97727918680195,18.211014064619743,18.838699340820312
2021-06-08,18.74087510295917,19.02618669497373,18.512625518382897,18.724571228027344
2021-06-09,18.724570584704797,18.903910093147093,18.439260557315755,18.528928756713867
2021-06-10,18.54523483957456,19.335954182888194,18.488172827301433,19.19737434387207
2021-06-11,19.31965179392561,19.48268589201899,18.846850266255338,19.14846420288086
2021-06-15,19.148462507483003,19.33595240336055,18.227315348084943,19.17291831970215
2021-06-16,18.98542754091429,19.287041436808586,18.382196639479687,18.406652450561523
2021-06-17,18.31698554068644,18.463717320302667,17.770818113683394,18.08873748779297
2021-06-18,18.015372478347103,18.259924419775906,17.836032936797544,17.84418487548828
2021-06-21,17.933851053509674,18.97727567454107,17.85233323775639,18.374046325683594
2021-06-22,18.374048682392328,18.374048682392328,17.93385335375768,18.039825439453125
2021-06-23,18.43926097275328,19.172918232954363,17.84418198336446,18.113189697265625
2021-06-24,18.170256338859655,18.316986571913393,17.7708191141617,17.901247024536133
2021-06-25,18.023521706142542,18.22731547828862,17.819727933996464,18.096887588500977
2021-06-28,18.113191191886475,18.113191191886475,17.811577258442533,17.942005157470703
2021-06-29,17.99906516208515,18.031672910618095,17.306166053990275,17.428442001342773
2021-06-30,17.428442560632956,17.56702238669905,16.914882943342775,16.988248825073242
2021-07-01,16.988249870575274,17.322471550217138,16.914883984329677,17.273561477661133
2021-07-02,17.159437119216157,17.477356500441203,16.914885184264538,17.06976890563965
2021-07-05,16.776304037254082,16.8741257365334,16.31980640187132,16.670331954956055
2021-07-06,16.42577723780023,17.020854661694724,16.42577723780023,16.8659725189209
2021-07-07,17.020855436188327,17.811576279776137,16.743697332099465,17.705602645874023
2021-07-08,17.648541641789468,18.121343165397803,17.355079645813287,17.436595916748047
2021-07-09,17.355080737173974,17.754516398200664,17.20834895254717,17.689302444458008
2021-07-12,17.925700450976535,18.113190352791143,17.0453113959089,17.134981155395508
2021-07-13,17.14313512941182,17.306169237598912,16.963795589135714,17.232803344726562
2021-07-14,17.11867960487924,17.200197437771905,16.654029978661395,16.711091995239258
2021-07-15,16.7110879424961,17.298013398301162,16.482838376715986,17.224647521972656
2021-07-16,17.314318693730822,17.999065892479194,17.134980733991235,17.63223648071289
2021-07-19,17.640389306638856,17.909397037208414,16.711090156457328,16.760000228881836
2021-07-20,16.564358833547175,16.694786733431545,16.213833269549223,16.344261169433594
2021-07-21,16.50729682445526,16.588814650602398,16.26274490083706,16.303503036499023
2021-07-22,16.23013602012609,17.298014959427082,16.18937788729764,17.102373123168945
2021-07-23,17.183890546391652,18.74902675509702,17.183890546391652,18.61044692993164
2021-07-26,18.659357493882492,18.9283652140037,17.87679014619283,18.749027252197266
2021-07-27,18.944670327406225,18.944670327406225,17.35507971545201,17.444747924804688
2021-07-28,17.0453113959089,17.281712923710636,16.058950260848743,17.134981155395508
2021-07-29,17.13497985149987,17.89309289355692,16.75999852158194,17.827878952026367
2021-07-30,17.75451510827889,18.227316627268454,17.403989549320162,17.925701141357422
2021-08-02,17.925699802236373,18.382197411166793,16.776303065129298,18.113189697265625
2021-08-03,18.056126388573862,18.341437956641773,17.4773528704793,17.721904754638672
2021-08-04,17.689301297456524,18.01537104502695,17.53441758430187,17.942005157470703
2021-08-05,17.94200561994969,17.94200561994969,17.314320367932705,17.52626609802246
2021-08-06,17.656692363668625,19.27889060974121,17.59147841851878,19.27889060974121
2021-08-09,19.735388158712592,21.194552314362642,19.344104489143437,20.86848258972168
2021-08-10,20.77066124497333,21.031517029082394,20.583171344497828,20.990758895874023
2021-08-11,21.19455340143213,21.251615411818126,20.444592218880835,20.648386001586914
2021-08-12,20.64023529693545,21.504320551887055,20.208193446871284,20.998912811279297
2021-08-13,20.974455386861546,20.998911200107422,20.240798092539848,20.56686782836914
2021-08-16,20.79511801899011,21.42280325028004,20.338620375698877,21.308677673339844
2021-08-17,21.055972932506336,21.055972932506336,19.466380853369824,19.86581802368164
2021-08-18,20.053309985193,20.6402355622633,19.865820064648453,20.517959594726562
2021-08-19,20.257102758916048,20.444592669984992,19.572355509529018,20.1918888092041
2021-08-20,20.289709230945373,20.436441008488803,19.73538987348051,20.306013107299805
2021-08-23,20.379377223935712,20.721750823490755,19.971789679457,20.363073348999023
2021-08-24,20.36307363674641,20.47719920809284,19.751692311389004,19.84951400756836
2021-08-25,20.045155987322545,20.069611800246673,19.246284756345165,19.86581802368164
2021-08-26,19.849514587202002,20.151128512484927,19.393016952955243,19.49083709716797
2021-08-27,19.278890253101395,19.482684022277567,18.749026764207958,19.115856170654297
2021-08-30,19.107706161592812,19.79245341951295,19.075098408918887,19.710935592651367
2021-08-31,19.79245488479922,20.77066421508789,19.295197503471222,20.77066421508789
2021-09-01,20.82772425330178,21.430955226543098,19.88212121309789,20.680994033813477
2021-09-02,20.265254385549763,21.113035718776487,19.73538930310698,20.705448150634766
2021-09-03,20.697295303555943,20.697295303555943,19.808754319650664,19.84951400756836
2021-09-06,19.80060549123356,20.11037136960903,19.48268611981139,19.80875587463379
2021-09-07,19.865818637004047,21.789630889892578,19.865818637004047,21.789630889892578
2021-09-08,21.854844793371008,22.808599757376843,20.835875881177724,21.23531150817871
2021-09-09,21.610292273876567,22.865661130190823,20.770661353901968,22.645565032958984
2021-09-10,22.61295627357603,22.61295627357603,21.602139372534324,21.822237014770508
2021-09-13,21.577683436159663,22.41731431383222,21.36573773243194,22.311342239379883
2021-09-14,22.31134272584392,22.31134272584392,21.357587815685545,21.439104080200195
2021-09-15,21.430953981500092,21.430953981500092,20.62392926967139,20.92554473876953
2021-09-16,21.365739577690356,21.48801709200296,20.41198616077897,20.664690017700195
2021-09-17,20.469048305035443,20.542414192172167,18.895760032828463,19.621265411376953
2021-09-22,19.319651515871303,19.319651515871303,18.749028293699013,19.034339904785156
2021-09-23,19.384864388312447,19.710934116516476,18.71641950196531,18.749027252197266
2021-09-24,18.69196620827954,18.830546044267336,17.90124532742198,17.925701141357422
2021-09-27,18.30068076367872,18.30068076367872,17.151284050654017,17.403987884521484
2021-09-28,17.28171157836914,17.599629348420663,16.914882186138147,17.28171157836914
2021-09-29,17.118677219036954,17.24095317392259,16.433930005889625,16.58066177368164
2021-09-30,16.613270284803395,16.93118967760245,16.613270284803395,16.711091995239258
2021-10-08,17.037157196819035,17.037157196819035,16.596963505125846,17.01270294189453
2021-10-11,17.01270387567408,17.28171157836914,16.711088424859373,17.28171157836914
2021-10-12,17.330623656726186,17.330623656726186,16.637724477011535,16.825214385986328
2021-10-13,16.800758577588194,16.90673065185547,16.393171045321218,16.90673065185547
2021-10-14,16.88227512445401,17.13498051818729,16.67033097235066,17.020854949951172
2021-10-15,17.037158751622684,17.110524632737373,16.776302976469594,16.93118667602539
2021-10-18,16.898579279661334,17.28171256788969,16.8007591393474,17.094221115112305
2021-10-19,16.980097099531914,17.11867692732701,16.80891107657373,17.053462982177734
2021-10-20,17.053463333573422,17.281712923710636,16.83336568110073,17.134981155395508
2021-10-21,17.20019311982534,17.518110877990797,17.118675307396952,17.167585372924805
2021-10-22,17.102373123168945,17.110525060699256,16.61326775511205,17.102373123168945
2021-10-25,17.06976599772227,17.06976599772227,16.743696288393238,16.833364486694336
2021-10-26,16.841517771101316,16.898579780445978,16.67033174306733,16.686634063720703
2021-10-27,16.50729582659326,16.515447764197514,15.700272661649697,16.067100524902344
2021-10-28,16.058950222467352,16.058950222467352,15.423113079562514,15.529085159301758
2021-10-29,15.529085159301758,15.708424677846345,15.235623178196017,15.529085159301758
2021-11-01,15.569845016732467,15.871458938761041,15.463871381018429,15.781790733337402
2021-11-02,15.961127792217885,16.042645610099814,15.080738779703776,15.28453254699707
2021-11-03,15.366050578028961,15.366050578028961,15.105194801046776,15.308988571166992
2021-11-04,15.219320972656837,15.472024848085306,15.17856283478309,15.463872909545898
2021-11-05,15.431266216351649,15.431266216351649,14.713911196074807,14.730215072631836
2021-11-08,14.836188192466254,15.137802124023436,14.754670367377786,15.137802124023438
2021-11-09,15.080738141886805,15.227469896903868,14.999220327452548,15.129648208618164
2021-11-10,15.039980436929678,15.260076520849546,14.673151039024845,15.219318389892578
2021-11-11,15.178560002165542,15.732877725989056,15.178560002165542,15.651361465454102
2021-11-12,15.65136269961771,15.936672743633737,15.414961171920856,15.765486717224121
2021-11-15,15.765486647157841,15.863306789007702,15.488326987211366,15.71657657623291
2021-11-16,15.781790561828561,15.798092882295512,15.512782838834807,15.529085159301758
2021-11-17,15.488327203013368,16.686634063720703,15.42311325593045,16.686634063720703
2021-11-18,16.433930727962814,18.01537093779527,16.433930727962814,17.379533767700195
2021-11-19,17.134979465091448,17.314317411550487,16.792605891071112,17.200193405151367
2021-11-22,17.20834696882591,17.24910510215787,16.80075941621382,17.126829147338867
2021-11-23,17.126828722343387,17.379532563341662,16.87412488134511,16.996400833129883
2021-11-24,17.1023729100572,17.436594570519684,16.9230349510944,16.996400833129883
2021-11-25,17.02900914381669,17.27356263259424,16.81706340880546,17.061616897583008
2021-11-26,17.053463680261185,17.403989232845955,16.841517961144273,17.25725746154785
2021-11-29,16.947490622396014,17.045310761080845,16.45838526450266,16.9800968170166
2021-11-30,17.03715946922279,17.192043175302242,16.55620603046801,16.62957191467285
2021-12-01,16.523598436622407,16.800758074652943,16.385018617607138,16.727392196655273
2021-12-02,16.75184849902694,16.98009809788094,16.548054714100466,16.825214385986328
2021-12-03,16.85782193018274,16.95564207504121,16.38502041717168,16.719242095947266
2021-12-06,16.75184874807346,17.077920052662012,16.26274490083706,16.303503036499023
2021-12-07,16.34425904125819,16.52359854636493,16.034493208073023,16.197528839111328
2021-12-08,16.31980693874304,16.9230363654776,16.04264726229429,16.89858055114746
2021-12-09,16.906730650214424,17.05346241058798,16.727392695770657,16.8659725189209
2021-12-10,16.89042748609862,16.898579423664764,16.54805388243607,16.56435775756836
2021-12-13,16.572511258563033,17.05346473657634,16.425779478176157,16.48284149169922
2021-12-14,16.474686350731783,16.48283828748226,15.757333019742495,15.82254695892334
2021-12-15,15.81439664717566,16.0100384848213,15.675816817823772,15.70842456817627
2021-12-16,15.70842534843241,16.270895076543503,15.488327687089882,16.23828887939453
2021-12-17,16.181224677352176,16.58881219287831,15.969278982699828,16.124162673950195
2021-12-20,15.895917223645496,16.22198700957611,15.60245363889625,15.692123413085938
2021-12-21,15.732878966036214,15.855156476122428,15.586148752614388,15.806244850158691
2021-12-22,15.838852855959919,15.847004793751866,15.569845128118253,15.60245132446289
2021-12-23,15.529085369187662,15.635059005182335,15.520934986255591,15.59429931640625
2021-12-24,15.586150297157529,15.594300680802704,15.33344486910522,15.406810760498047
2021-12-27,15.423112152314014,15.423112152314014,14.999220749195441,15.178560256958008
2021-12-28,15.24377665559876,15.46387277495396,15.227472778661847,15.406810760498047
2021-12-29,15.414959168223493,15.480173106210838,15.186709607856324,15.439414978027344
2021-12-30,15.44757012677257,16.001887937517527,15.32529260715004,15.83885383605957
2021-12-31,15.920372460131818,17.159437601487134,15.765488734403656,16.694787979125977
2022-01-04,16.939340930605873,17.36323084580506,16.711091318711482,17.061616897583008
2022-01-05,17.061615395258443,17.999066465968912,16.89857975042917,17.738210678100586
2022-01-06,17.730058657350774,18.33328805267727,17.53441681736568,18.276226043701172
2022-01-07,18.27622603200185,19.075097266802047,18.13764620108156,18.781635284423828
2022-01-10,19.075097184666543,19.588658372557564,18.38219803304865,19.360408782958984
2022-01-11,19.49083762132408,19.55605157082738,18.9120640138352,19.042491912841797
2022-01-12,19.058795452596765,19.18107297620339,18.439263670118155,18.920215606689453
2022-01-13,18.75718019786941,19.099553819590458,18.268074801864596,18.43926239013672
2022-01-14,18.41480402807016,18.545231908314225,17.876788633357652,18.32513427734375
2022-01-17,17.97461077486029,18.781635511940113,17.97461077486029,18.341440200805664
2022-01-18,18.36589639891797,19.12400797038265,18.18655687366602,19.058794021606445
2022-01-19,19.172917675094986,19.50713932340448,18.659356519520763,18.977275848388672
2022-01-20,18.97727761540673,19.124007832981583,18.577841987669427,18.960973739624023
2022-01-21,18.912061620236603,19.09139956996703,18.227314459705152,18.90390968322754
2022-01-24,18.749027811742884,19.15661537286773,18.512626279975358,18.89575958251953
2022-01-25,18.814242209019053,19.115857695582697,18.42295851414448,18.43926239013672
2022-01-26,18.3495928305681,18.72457265361036,18.219164930829642,18.54523468017578
2022-01-27,18.553384251162267,18.643054003850803,17.86048515043949,17.909395217895508
2022-01-28,17.97461252031757,18.30068384385416,17.526266782689714,17.689302444458008
2022-02-07,18.145798137522494,19.221829034089772,17.795272591405517,18.86315155029297
2022-02-08,18.912063368830715,19.857666381789937,18.276226216741662,19.474533081054688
2022-02-09,19.401167782962702,20.81142196212678,19.14031198595435,20.21634292602539
2022-02-10,19.890272769543785,20.379378156258625,19.71908673934633,20.045156478881836
2022-02-11,20.04515632063756,20.72990354566804,19.776148593291524,20.53426170349121
2022-02-14,20.297860403740597,20.297860403740597,19.4093193886307,20.053308486938477
2022-02-15,19.890274183791266,20.09406797984409,19.197374966246997,19.311500549316406
2022-02-16,19.547899869589433,19.800605287446285,18.95282237881017,19.702783584594727
2022-02-17,19.564204071263525,19.90657770470357,19.034340521964786,19.229982376098633
2022-02-18,19.066946599354118,20.29786128427901,18.89576056113107,19.80875587463379
2022-02-21,19.849515687874177,20.012549788876818,19.15661648284903,19.270740509033203
2022-02-22,19.12400576318029,19.132157700189353,18.431108220462775,18.90390968322754
2022-02-23,19.613110694825224,19.686476571568328,19.001729425181342,19.31964874267578
2022-02-24,19.319649558775794,19.319649558775794,18.26807298425263,18.488170623779297
2022-02-25,18.447410939678555,19.018034104102707,18.341438865908774,18.528928756713867
2022-02-28,18.528927647121616,18.92836321636938,18.365893577637213,18.740873336791992
2022-03-01,18.585990762191674,18.887606218775424,18.39850087138658,18.528928756713867
2022-03-02,18.528928181535687,18.749025814251812,18.18655460447382,18.3821964263916
2022-03-03,18.382195693021835,18.520775505704407,17.990912064796788,18.137643814086914
2022-03-04,18.080583000999468,18.121341131893132,17.66484353562737,17.93385124206543
2022-03-07,18.096887508839014,18.211011523195058,16.87412488134511,16.996400833129883
2022-03-08,16.980097547751093,17.200195201498413,15.969280593843523,16.050798416137695
2022-03-09,16.050797082141457,16.30350091091012,15.586147554952198,16.197528839111328
2022-03-10,16.75999699877761,16.792604743991667,16.262741322846164,16.40947151184082
2022-03-11,16.295349758015494,16.66217916809217,15.96112809764478,16.450233459472656
2022-03-14,16.442083839126337,16.442083839126337,15.732880731308889,15.749184608459473
2022-03-15,15.667665314773405,15.683969190401836,14.4612065050863,14.510116577148438
2022-03-16,14.722063681170054,14.803581512159745,13.980254373328137,14.599787712097168
2022-03-17,14.754669189453125,15.097042783633075,14.559027357753592,14.754669189453125
2022-03-18,14.746519495314068,14.95846523393495,14.591635771932788,14.876947402954102
2022-03-21,15.023679257878014,15.145955227508358,14.7628234413804,14.885099411010742
2022-03-22,14.893251545985173,15.260079459712543,14.795429836097208,14.991071701049805
2022-03-23,15.03997950173522,15.08888956680693,14.83618574997633,14.950309753417969
2022-03-24,14.852490495185458,15.01552614515998,14.681304462053083,14.860642433166504
2022-03-25,14.893249999678229,15.431265461143697,14.836187989344493,15.031829833984375
2022-03-28,15.12149962292875,15.235625210358489,14.738367831447722,14.909555435180664
2022-03-29,14.999221661441982,15.048131732523267,14.803579822293715,14.942159652709961
2022-03-30,15.023677709916068,15.341595509163017,14.868794001770283,15.325291633605957
2022-03-31,15.333440576334048,16.344257341083786,15.333440576334048,16.262741088867188
2022-04-01,16.058952601851583,16.287200670438658,15.667667311030367,16.1323184967041
2022-04-06,16.279045091212094,17.73820916828315,16.1323148891427,17.28171157836914
2022-04-07,17.06976614151744,17.92569933006938,16.719240617977285,16.849668502807617
2022-04-08,16.857821076506116,17.134980730941756,16.344259900124687,17.004552841186523
2022-04-11,16.996399972609478,17.01270384664148,16.2056791851105,16.776302337646484
2022-04-12,16.556206101271737,16.87412545246002,16.32795806483446,16.596965789794922
2022-04-13,16.503629484423644,16.741212822641888,16.062400972853894,16.384836196899414
2022-04-14,16.418779374181412,17.14001805408791,16.325442127836077,16.817581176757812
2022-04-15,16.817578934471417,17.038193184699825,16.57151025202651,16.73272705078125
2022-04-18,16.54605551611019,16.893946810309036,16.17270816925709,16.7581844329834
2022-04-19,16.698787160149887,16.87697465817106,16.410291728521745,16.809093475341797
2022-04-20,16.809096504374452,16.81758185605907,15.91815561688914,15.977551460266113
2022-04-21,15.799360988830824,15.867242171255246,15.256309911020404,15.324191093444824
2022-04-22,15.171456918987234,15.55328955371285,14.865992429621672,15.417527198791504
2022-04-25,15.273280817814769,15.36661805181646,14.611438066413369,14.713260650634766
2022-04-26,14.696290816301707,15.010242319272846,14.008993592151315,14.017478942871094
2022-04-27,14.000506532896136,14.28051659881746,13.5338228199581,14.238091468811035
2022-04-28,14.263545655007167,14.49264523731159,13.881714636248072,14.450220108032227
2022-04-29,14.560528631101256,15.341163104912951,14.255062474874666,15.307223320007324
2022-05-05,15.307221509801646,15.799360470847652,15.018726089352436,15.748448371887207
2022-05-06,15.366620506274078,15.799363726109231,15.196916711603903,15.375105857849121
2022-05-09,15.40055957455767,15.40055957455767,15.10357875696915,15.222372055053711
2022-05-10,14.984784741471742,15.035695222191912,14.696289320032443,14.899932861328125
2022-05-11,14.942360339418231,15.222370424659104,14.492646485612852,14.59446907043457
2022-05-12,14.569013811709679,15.061152825205127,14.441736787574078,14.730232238769531
2022-05-13,15.05266708923595,15.05266708923595,14.662350676087328,14.7047758102417
2022-05-16,14.823567099915417,14.823567099915417,14.382340213429869,14.679319381713867
2022-05-17,14.721747185505413,14.764172321602796,14.433251728480634,14.560528755187988
2022-05-18,14.738716838719068,15.188429075651126,14.611438202651795,14.993270874023438
2022-05-19,14.764170411105352,14.976299300973,14.424764511000113,14.874478340148926
2022-05-20,14.87448114783381,15.358134849079402,14.87448114783381,15.33267879486084
2022-05-23,15.383589388683564,15.51086804221989,15.112064615514646,15.213887214660645
2022-05-24,15.256312076968962,15.315707917720916,14.67083740234375,14.67083740234375
2022-05-25,14.594469863902868,14.891449047414213,14.50961797500741,14.730232238769531
2022-05-26,14.78114350426021,15.341163734723017,14.679320908532766,15.222372055053711
2022-05-27,15.307222566140117,16.062400950269332,15.222370680432148,15.57026195526123
2022-05-30,15.756933380919715,15.926637136954156,15.358131658178232,15.663596153259277
2022-05-31,15.739965295221438,16.91091784578037,15.68056945627132,16.48666000366211
2022-06-01,16.495143505744117,17.046678314992285,16.232102507856563,16.885459899902344
2022-06-02,16.876976017961866,17.428512493604305,16.758184343043283,17.233352661132812
2022-06-06,17.250324281059978,17.4285134213382,16.46120441357488,16.936372756958008
2022-06-07,16.936370151101908,17.004252950984505,16.427262099302634,16.724241256713867
2022-06-08,16.7412111493977,16.919400253666918,16.52059691566269,16.860004425048828
2022-06-09,16.70727396561211,16.919402882733184,16.588480671501973,16.800609588623047
2022-06-10,16.596965452433754,16.876975548681028,16.46120307961175,16.826065063476562
2022-06-13,16.74969817334014,17.072135015806044,16.486658783844877,16.698787689208984
2022-06-14,16.48665793078488,16.741211956684516,16.35938091783506,16.724241256713867
2022-06-15,16.647876739501953,16.88546007107981,16.546054155672113,16.647876739501953
2022-06-16,16.639392056051285,16.843035613455854,16.461202931812835,16.503629684448242
2022-06-17,16.461201577678622,16.613934637771678,16.223618256124983,16.435747146606445
2022-06-20,16.359380561689516,16.885459302006648,16.257557982497335,16.59696388244629
2022-06-21,16.596964470126675,17.12304484748673,16.41877697324967,16.885459899902344
2022-06-22,16.88546077363174,16.91940217579224,16.164222161872452,16.23210334777832
2022-06-23,16.249072900631692,17.207896404514628,16.249072900631692,17.114559173583984
2022-06-24,17.114560413378175,17.54730358120263,16.84303566927228,17.258808135986328
2022-06-27,17.284263373561714,17.32668850592436,16.758182992823613,16.809093475341797
2022-06-28,16.792124008790033,17.920649658984942,16.71575747755455,17.470935821533203
2022-06-29,17.377601277293007,18.039444110862735,16.85152244567871,16.85152244567871
2022-06-30,16.85152080351617,17.39457028475722,16.800608700838485,17.09758949279785
2022-07-01,17.09759027969507,17.216383572995213,16.741213636625023,16.876976013183594
2022-07-04,16.83455010262361,17.377599583864654,16.71575843320591,17.09758949279785
2022-07-05,17.165471237036762,17.29274826104619,16.80060924803862,17.029708862304688
2022-07-06,16.94485640005516,17.207897408310146,16.630906526017434,16.741212844848633
2022-07-07,16.61393470893976,16.893944780838154,16.58847865934354,16.834548950195312
2022-07-08,16.83454924770556,16.91940112944417,16.546053820843294,16.563024520874023
2022-07-11,16.47817523087645,16.47817523087645,16.019975968469886,16.062402725219727
2022-07-12,16.121797586513253,16.766669684183604,16.079372450756924,16.520599365234375
2022-07-13,16.579997580123017,17.05516591969135,16.299985845017364,16.970314025878906
2022-07-14,17.097587902192185,17.801855739563596,16.63939034962541,17.657608032226562
2022-07-15,17.555788818311076,17.76791772557491,17.27577872545942,17.335174560546875
2022-07-18,17.403054490098317,17.47942102067488,16.961826006414842,17.19092559814453
2022-07-19,17.25032313544629,17.521847885061522,16.944856982921568,17.386085510253906
2022-07-20,17.33517662852931,17.547305561098852,16.92788946641547,16.94485855102539
2022-07-21,16.936371736185194,17.326689779965058,16.68181768646172,16.95334243774414
2022-07-22,17.080619587497353,17.733977036557437,16.970313263388014,17.58972930908203
2022-07-25,17.572757903522664,18.12429435722315,16.902431398044648,17.021223068237305
2022-07-26,17.02970806626329,17.26729302014627,16.749697979165354,17.207897186279297
2022-07-27,17.182442286807063,17.182442286807063,16.656361860244107,16.800609588623047
2022-07-28,16.85152211327562,17.38608628561859,16.81758070885245,17.123046875
2022-07-29,17.148500514955902,17.258808455802455,16.902431817955804,16.98728370666504
2022-08-01,17.089103762541527,17.47942178231994,16.8345497284711,16.927886962890625
2022-08-02,16.80060956899196,17.05516524028893,16.53757016522544,16.7581844329834
2022-08-03,16.85152421499052,17.038197107353987,16.2830185673206,16.33392906188965
2022-08-04,16.35089607977743,16.486658446963137,16.062400644904034,16.299983978271484
2022-08-05,16.232104327342014,16.495145354714303,16.09634194733739,16.48666000366211
2022-08-08,16.401806355595735,16.843034852580935,16.384835655308212,16.76666831970215
2022-08-09,16.64787629628023,18.030955971650076,16.64787629628023,17.470935821533203
2022-08-10,17.555791200258238,18.17520730509058,17.309720857606422,17.784889221191406
2022-08-11,17.971560544053567,18.166718742299423,17.81034212799979,17.95458984375
2022-08-12,17.963075193901783,18.073381509044857,17.801856777848005,17.95458984375
2022-08-15,17.818829356279533,18.07338341400315,17.352146377647827,17.555789947509766
2022-08-16,17.60670055912346,17.61518591022925,16.978799143032017,17.123046875
2022-08-17,17.326688585205222,17.335173935399588,16.291500137718497,16.37635040283203
2022-08-18,16.36786575930275,16.36786575930275,15.612685818221074,15.799360275268555
2022-08-19,15.714508754198555,16.121795839622035,15.358132149849258,15.510865211486816
2022-08-22,15.510865009099248,16.189676809281167,15.154488409399994,16.079370498657227
2022-08-23,16.079371206125245,16.104825638242655,15.79087577375082,16.019973754882812
2022-08-24,15.952092295813467,16.036944177704875,15.527834504771459,15.773904800415039
2022-08-25,15.773904800415039,15.935123214167213,15.544805204832747,15.773904800415039
2022-08-26,15.739965284755346,16.01149166299928,15.655115011120298,15.731481552124023
2022-08-29,15.57026400363636,16.316957135585874,15.502382809822768,16.189680099487305
2022-08-30,16.138768157141453,16.698788360336817,15.994520430959907,16.554540634155273
2022-08-31,16.554541741703392,16.843037213367687,16.257560918705998,16.775156021118164
2022-09-01,16.673331615285388,16.843035386712177,16.232103104307818,16.342411041259766
2022-09-02,16.18119504545089,16.418780037374137,15.884214210150668,15.977551460266113
2022-09-05,16.011490380909244,16.546054506715883,15.612687005730942,16.46120262145996
2022-09-06,16.461202008278928,16.58847902221418,16.079370966473164,16.130281448364258
2022-09-07,16.113312210824294,16.20664945144247,15.918153997181914,16.121797561645508
2022-09-08,16.14725232494315,17.029707700498495,16.05391509177684,16.76666831970215
2022-09-09,16.775153888584587,16.800608320932724,16.384835868957364,16.613935470581055
2022-09-13,16.537571039037193,16.868491648951707,16.2490755673729,16.775156021118164
2022-09-14,16.67333062046228,16.936369993905824,16.46120172804313,16.715757369995117
2022-09-15,16.681816034128207,16.80060769644416,16.1387665853524,16.28301429748535
2022-09-16,16.29150188835559,16.444233353021065,15.96057966887563,16.011491775512695
2022-09-19,16.03694458499871,16.172706952106935,15.790875901520703,15.84178638458252
2022-09-20,15.8248145596505,16.011489014971378,15.621171023458148,15.663596153259277
2022-09-21,15.722994761011847,15.91815296196233,15.527834941646287,15.782390594482422
2022-09-22,15.689054045708637,15.918153657750663,15.612687508361294,15.68056869506836
2022-09-23,15.722996573449237,15.84178825408386,15.400559699704873,15.544807434082031
2022-09-26,15.544806566698174,15.544806566698174,14.916905175155975,15.0696382522583
2022-09-27,15.069637028097466,15.129032860275617,14.61143783401166,14.967814445495605
2022-09-28,14.87447911164951,15.018726828977865,14.594469027237418,14.653864860534668
2022-09-29,14.764171930606867,14.984786192984236,14.560528369585102,14.849023818969727
2022-09-30,14.959330404470196,15.146004885839922,14.755686839861102,14.950846672058105
2022-10-10,14.83205346516492,15.205400811660832,14.619924548494659,14.976301193237305
2022-10-11,15.069638434465082,15.069638434465082,14.365370495856427,14.976301193237305
2022-10-12,14.849022005673747,15.196913248904908,14.382339104289986,15.146002769470215
2022-10-13,15.001756219300903,15.137518587206468,14.645379598945018,14.679319381713867
2022-10-14,14.738717451285494,15.001756847821056,14.653865563185752,14.908419609069824
2022-10-17,14.832053210711944,15.078123526667252,14.679320134383156,14.730232238769531
2022-10-18,14.832053339673921,14.832053339673921,14.28900383548555,14.339914321899414
2022-10-19,14.297488322238166,14.492646523709803,14.017478236261226,14.221121788024902
2022-10-20,14.170211255284194,14.297488272390861,13.856259769233672,13.96656608581543
2022-10-21,13.98353753999198,14.178695751301385,13.864745866745414,14.017478942871094
2022-10-24,14.025964089755078,14.297488835181323,14.00050803796569,14.212636947631836
2022-10-25,14.161725728300183,14.373854626969207,13.720497230649002,14.059903144836426
2022-10-26,14.000508241431536,14.187181102021164,13.771408627243016,14.017478942871094
2022-10-27,14.04293166290256,14.289001948501738,13.941110703521153,14.238091468811035
2022-10-28,14.153240985844743,14.16172633636565,13.559279396702383,13.618675231933594
2022-10-31,13.576251353950942,13.85626147338957,13.448974321190708,13.661103248596191
2022-11-01,13.652617613688598,13.915657025051084,13.64413226255881,13.873231887817383
2022-11-02,13.890201571410898,13.975051839655634,13.533824132964014,13.576250076293945
2022-11-03,13.482914022046852,13.627160938634681,13.135021924464766,13.601706504821777
2022-11-04,13.576250469346807,14.46719125903162,13.499883930983517,14.314459800720215
2022-11-07,14.314458827500703,14.636894042123105,14.255061376266912,14.416279792785645
2022-11-08,14.399310468446727,14.450222574369477,14.17869619802713,14.382341384887695
2022-11-09,14.390823742256877,14.552042158775611,14.339913259614406,14.416279792785645
2022-11-10,14.246577459894873,14.399308905843153,14.12778417738171,14.19566535949707
2022-11-11,14.39930801079906,14.543555716129815,14.153239347831859,14.450220108032227
2022-11-14,14.585984756845198,14.679320379615813,14.136270871076977,14.263547897338867
2022-11-15,14.238092389387692,14.832052339955501,14.136269805007885,14.755685806274414
2022-11-16,14.789628842660274,14.789628842660274,14.492648025328352,14.61143970489502
2022-11-17,14.526587132135946,14.696289273470516,14.45870595191912,14.543556213378906
2022-11-18,14.50113275036103,14.58598463999426,14.28900383548555,14.339914321899414
2022-11-21,14.339914254829555,14.424766144065918,14.059904153240176,14.356884956359863
2022-11-22,14.314458241656487,14.781141153345299,14.314458241656487,14.543556213378906
2022-11-23,14.58598361441305,14.899933480041568,14.509617080954207,14.815081596374512
2022-11-24,14.899933573500293,15.426013960803786,14.713260722993935,15.010241508483887
2022-11-25,14.993269969326994,15.426013097964699,14.933874139234268,15.34964656829834
2022-11-28,15.273282483754913,15.298738537190662,14.730232957780952,14.882966041564941
2022-11-29,15.018726581742452,15.40055762597418,14.832052116264007,15.324191093444824
2022-11-30,15.230856586066652,15.358133610060781,15.103577943657355,15.188429832458496
2022-12-01,15.35813167115511,15.739962694932787,15.196913264627666,15.561775207519531
2022-12-02,15.561776941831566,15.773905851487486,15.29025219641841,15.34116268157959
2022-12-05,15.341162090965184,15.986034145702282,15.273280907225232,15.782390594482422
2022-12-06,15.782392621086002,15.94361106007597,15.527836935562588,15.706026077270508
2022-12-07,15.773905282465465,15.82481576579012,15.358132828748099,15.409043312072754
2022-12-08,15.366619197145365,15.544806709794921,15.273281956186917,15.392073631286621
2022-12-09,15.349648659016234,15.655114819288066,15.188430227937744,15.612688064575195
2022-12-12,15.536320033793396,15.570261434307007,15.230855521246172,15.264795303344727
2022-12-13,15.247826950456632,15.417530742320094,15.162976672940204,15.273283004760742
2022-12-14,15.290252917527567,15.34964875608599,15.069638646871123,15.137519836425781
2022-12-15,15.095092539271558,15.205398849603826,14.865992950410323,14.933874130249023
2022-12-16,14.849024357451912,15.256311494265226,14.832053655480886,15.095094680786133
2022-12-19,15.103578503383623,15.222371799473672,14.721747417250885,14.764172554016113
2022-12-20,14.849024143613802,14.849024143613802,14.475676797703828,14.577499389648438
2022-12-21,14.57749912666777,14.687805449070556,14.441736752134265,14.475676536560059
2022-12-22,14.670837694846199,14.874481275091053,14.407796654249863,14.458708763122559
2022-12-23,14.416280302869065,14.552042673662639,14.221122097155197,14.407794952392578
2022-12-26,14.4077946013306,14.636894203368156,14.322942717048349,14.59446907043457
2022-12-27,14.721747117494436,14.832053441887167,14.518103552020413,14.577499389648438
2022-12-28,14.636894690882245,14.959329919796122,14.509617669427165,14.68780517578125
2022-12-29,14.628409924302183,14.849024192225064,14.441737059943682,14.51810359954834
2022-12-30,14.518103619090605,14.67083669850551,14.450222430285669,14.560528755187988
2023-01-03,14.509618201157096,14.679320363177851,14.289003933956439,14.577499389648438
2023-01-04,14.50961668649629,14.882963993432488,14.49264598654123,14.747200012207031
2023-01-05,14.865993188921545,15.442984036015282,14.636893596384617,15.239338874816895
2023-01-06,15.332675868724706,15.536319408363333,15.239338639484714,15.34964656829834
2023-01-09,15.426014569124987,15.493895755478276,15.103577720135506,15.34116268157959
2023-01-10,15.349647362233435,15.349647362233435,14.984785394603392,15.17145824432373
2023-01-11,15.273279777264426,15.332675606340727,15.069636241110697,15.146002769470215
2023-01-12,15.146004697265509,15.315706856452627,15.035696756299474,15.188429832458496
2023-01-13,15.17145716109088,15.290250437353938,15.069636202482494,15.205398559570312
2023-01-16,15.129034228530767,15.485410872245069,15.129034228530767,15.392073631286621
2023-01-17,15.400557602261241,15.527834616809177,15.205399405393404,15.281765937805176
2023-01-18,15.324192356086986,15.442985648929026,15.196915330856042,15.366619110107422
2023-01-19,15.43449827762605,15.485408757370802,15.196913341458915,15.442983627319336
2023-01-20,15.35813167115511,15.604200337356508,15.35813167115511,15.561775207519531
2023-01-30,15.697541019224007,15.909669951916223,15.442986947359474,15.493897438049316
2023-01-31,15.510866809793333,15.595717080855302,15.349648381628267,15.468440055847168
2023-02-01,15.476927039781117,16.087857795335445,15.451470984727264,15.977551460266113
2023-02-02,16.028459015809528,16.104825548566648,15.638142620308727,15.994519233703613
2023-02-03,16.003006399757638,16.019975483528615,15.672084180787381,15.756936073303223
2023-02-06,15.672084671834602,15.90118430328109,15.570263692357468,15.706026077270508
2023-02-07,15.8248145596505,15.90966643766772,15.544804495084147,15.663596153259277
2023-02-08,15.672084671834602,15.739965864291122,15.527836935562588,15.706026077270508
2023-02-09,15.672081366894362,16.257557539875744,15.595714839183097,16.070884704589844
2023-02-10,16.036946807721048,16.21513595075705,15.80784717456703,16.028461456298828
2023-02-13,16.003005008885562,16.46968794953893,15.875726371966373,16.418777465820312
2023-02-14,16.41877680744289,16.843034597720923,16.333924925704277,16.563024520874023
2023-02-15,16.605450340870497,16.605450340870497,16.37635073620404,16.46120262145996
2023-02-16,16.563023467337946,16.630904644728066,16.164220134057945,16.266042709350586
2023-02-17,16.25755846229951,16.427262226489876,16.121796098313236,16.130281448364258
2023-02-20,16.2745315064254,17.012739264623104,16.121798420338905,16.85152244567871
2023-02-21,17.13153047984333,17.52184688043233,16.834549695073616,17.445480346679688
2023-02-22,17.39457120879332,17.564274989903726,17.140017155542914,17.513362884521484
2023-02-23,17.496394131674727,17.513363215374177,17.097590724055863,17.241838455200195
2023-02-24,17.233353202544816,17.2503239047564,16.93637238750306,17.123046875
2023-02-27,17.05516242980957,17.462449494670622,16.927885424342357,17.05516242980957
2023-02-28,17.10607407601469,17.32668832247781,16.95334101166214,17.31820297241211
2023-03-01,17.275778415277657,17.386084732971675,16.98728297710549,17.292747497558594
2023-03-02,17.352145261547612,17.4285117976358,17.05516446769522,17.335174560546875
2023-03-03,17.301232189044313,17.487906652761577,17.241836357285198,17.436994552612305
2023-03-06,17.479421605998336,17.53033208861585,17.07213450822808,17.165470123291016
2023-03-07,17.165468944296602,17.29274595130602,16.826063052799835,16.902429580688477
2023-03-08,17.012737023829594,17.012737023829594,16.63939132747616,16.809093475341797
2023-03-09,16.809095808035284,17.216384579947707,16.690304126202438,16.775156021118164
2023-03-10,16.876978653067322,16.876978653067322,16.23210645433611,16.33392906188965
2023-03-13,16.630905662171973,16.630905662171973,15.858756615215329,16.206647872924805
2023-03-14,16.206648339612364,16.36786675732495,15.994519438880303,16.257558822631836
2023-03-15,16.198163986206055,16.342411712317443,15.875727130938161,16.198163986206055
2023-03-16,16.24907279638138,16.461201688288227,16.036943904474533,16.087854385375977
2023-03-17,16.249074368841914,16.325440906791744,15.926639134043308,15.960578918457031
2023-03-20,16.01148996599052,16.04542974816432,15.426013753153189,15.621171951293945
2023-03-21,15.621171819911451,15.96057773087015,15.595715769683908,15.655113220214844
2023-03-22,15.638141987390142,15.850270876815586,15.307221437779246,15.34964656829834
2023-03-23,15.29873859724548,15.349649085901575,15.14600551286194,15.222372055053711
2023-03-24,15.230857866002529,15.527837074140633,15.230857866002529,15.273283004760742
2023-03-27,15.426016146000777,15.426016146000777,14.95084779295517,15.213887214660645
2023-03-28,15.273281479947025,15.281766830534592,14.959329981867674,14.984786033630371
2023-03-29,15.095094535284984,15.103578267773504,14.89993470132976,14.916905403137207
2023-03-30,14.849023529137929,15.188429457549484,14.772656992943437,15.01872730255127
2023-03-31,15.03569678230092,15.154490074194019,14.916905108822993,15.08660888671875
2023-04-03,15.290252966667637,15.510867238033097,14.942361666780052,15.078124046325684
2023-04-04,15.086606940393914,15.162973468753433,14.97629901346796,15.146002769470215
2023-04-06,15.154491667924864,15.171460752766867,14.916906677568077,15.001758575439453
2023-04-07,15.001757064481176,15.154490141583501,14.857509338152889,15.0696382522583
2023-04-10,14.993271822774672,15.018727875281963,14.569013991477613,14.636895179748535
2023-04-11,14.704776186576343,14.730232238769531,14.518103325738473,14.730232238769531
2023-04-12,14.704776415767803,14.849024143613802,14.441737012665754,14.577499389648438
2023-04-13,14.696291113015747,14.79811370529369,14.475676845092863,14.51810359954834
2023-04-14,14.628409602317777,14.849023865384742,14.484161877174577,14.789628028869629
2023-04-17,14.78962858518741,15.162975938145511,14.747201830069885,15.078124046325684
2023-04-18,15.086606940393914,15.307221175830863,14.959328314184742,15.146002769470215
2023-04-19,15.146003855223183,15.171458287557769,15.001756137805245,15.112062454223633
2023-04-20,15.103230635211855,15.103230635211855,14.484969071957426,14.546794891357422
2023-04-21,14.529132692192698,14.873591817984483,14.449641865528847,14.467305183410645
2023-04-24,14.467304536858318,14.484969538578019,13.866708797720477,13.928535461425781
2023-04-25,14.025691630536434,14.114014119666207,13.690064150290379,13.955033302307129
2023-04-26,13.849045606567206,14.25533056676189,13.82254810213509,13.972697257995605
2023-04-27,13.981529218007463,14.352485842553952,13.95503255691519,14.317155838012695
2023-04-28,14.30832456787508,14.3966462071734,14.202336242238895,14.264162063598633
2023-05-04,14.264162616710955,14.520300097564563,14.220001795349399,14.484970092773438
2023-05-05,14.54679622976532,14.573293733929232,14.17583959460748,14.281827926635742
2023-05-08,14.39664665555432,14.926584930985502,14.220001686828818,14.838261604309082
2023-05-09,14.864759418480265,15.209218546629897,14.555628610963414,14.635119438171387
2023-05-10,14.643952032922778,14.776436184238928,14.449642056634248,14.617454528808594
2023-05-11,14.573293565232202,14.617454387033474,14.25533025745547,14.361318588256836
2023-05-12,14.361317337035947,14.582124796059327,14.22000069803116,14.228833198547363
2023-05-15,14.228833989405967,14.334820632236832,14.140510663962035,14.308324813842773
2023-05-16,14.317155430473074,14.352485434008656,14.131677965793138,14.158175468444824
2023-05-17,14.158176183968944,14.396646981376769,14.025691190955936,14.299492835998535
2023-05-18,14.396646371035311,14.40547887199113,14.131678080869921,14.184671401977539
2023-05-19,14.211168918003711,14.396646384365765,14.025690609328006,14.370150566101074
2023-05-22,14.370150729432154,14.396646547997996,14.193504077399028,14.29065990447998
2023-05-23,14.30832456787508,14.378982890090107,14.184671240528317,14.264162063598633
2023-05-24,14.255329431923814,14.255329431923814,13.857876162533254,13.884373664855957
2023-05-25,13.884373826501154,13.910870486818702,13.69006301877396,13.804883003234863
2023-05-26,13.760721046720734,13.875541028724797,13.637068564028597,13.840211868286133
2023-05-29,13.787217706471324,13.866708528036725,13.654733565404742,13.840211868286133
2023-05-30,13.796050636341281,13.990361445955568,13.698895652690965,13.849044799804688
2023-05-31,13.787218133433884,13.822547294966622,13.151293225844615,13.3279390335083
2023-06-01,13.327939877264418,13.601740685898312,13.257281549725754,13.513418197631836
2023-06-02,13.44275891708553,13.822547190102805,13.44275891708553,13.681230545043945
2023-06-05,13.690063569664678,13.725392732280943,13.469256092734604,13.672398567199707
2023-06-06,13.601741096987215,13.902039419259381,13.478089441214252,13.690064430236816
2023-06-07,13.734225852949786,13.778387518790302,13.389765870170228,13.433927536010742
2023-06-08,13.433925968985589,13.637068428916827,13.407429309497518,13.628236770629883
2023-06-09,13.601739953854999,13.68123077863624,13.433926645560783,13.53991413116455
2023-06-12,13.539914457025501,13.822547758770929,13.451591129073217,13.734225273132324
2023-06-13,13.76072245935353,13.831380787484422,13.637069963967615,13.725393295288086
2023-06-14,13.760722195160339,13.787218857122284,13.592908879649764,13.637069702148438
2023-06-15,13.628237064058562,13.813715369095812,13.478087919870612,13.760721206665039
2023-06-16,13.760721206665039,13.849044529945116,13.707727886547902,13.760721206665039
2023-06-19,13.760721967430392,13.884374458395936,13.566411150859878,13.610572814941406
2023-06-20,13.566411558764601,13.619405725718561,13.35443657557618,13.389765739440918
2023-06-21,13.327939629631594,13.486921284796564,13.186622977179928,13.257281303405762
2023-06-26,13.248448763143742,13.336772091823509,13.054137945436468,13.195454597473145
2023-06-27,13.204287117114907,13.84021289447551,13.168957954056745,13.778387069702148
2023-06-28,13.787218938539304,14.149343918288235,13.778387279375636,13.972697257995605
2023-06-29,13.955032884992958,14.105182038568568,13.751889565673261,13.778387069702148
2023-06-30,13.796051347724616,14.122846319377883,13.690063857646287,13.990362167358398
2023-07-03,13.990361706317943,14.264162502752328,13.919703381927544,14.105181694030762
2023-07-04,14.246497801372422,14.290660307941184,13.866709510331617,14.069852828979492
2023-07-05,14.078684323231105,14.15817599181098,14.008025998175299,14.149343490600586
2023-07-06,14.087517288308176,14.167008959505512,13.955033135044589,14.034523963928223
2023-07-07,14.034522944803047,14.087516265334859,13.884373799440176,13.928535461425781
2023-07-10,13.92853525796623,14.008025237602807,13.866708595164052,13.946199417114258
2023-07-11,13.981529072696604,14.096349059321344,13.822547423167938,14.061019897460938
2023-07-12,14.00802672164944,14.114014214707096,13.902039228591784,13.937368392944336
2023-07-13,14.016858499385695,14.290660140712195,13.88437435048448,14.149343490600586
2023-07-14,14.228833790888698,14.26416210979699,14.131677965793138,14.158175468444824
2023-07-17,14.158176723039935,14.158176723039935,13.893206726925216,13.937368392944336
2023-07-18,13.937366848497343,14.078683490247773,13.857876026934319,14.008025169372559
2023-07-19,14.0345226472304,14.0345226472304,13.866708503705976,13.96386432647705
2023-07-20,13.96386491292323,14.14051072222527,13.919703250019305,14.061019897460938
2023-07-21,14.078684387666739,14.149343555359614,13.840212750090375,13.90203857421875
2023-07-24,13.893205814213944,13.902038315300263,13.592908358102093,13.645901679992676
2023-07-25,13.734225289603216,14.131678581237793,13.734225289603216,14.131678581237793
2023-07-26,14.193504291756055,14.546795916530558,14.131678467998935,14.484970092773438
2023-07-27,14.484969939274592,14.970747392240629,14.396646612860101,14.749939918518066
2023-07-28,14.626285934183846,15.006075041558034,14.59095761597292,14.882423400878906
2023-07-31,14.944250440052993,15.050238772584564,14.66161713280533,14.785268783569336
2023-08-01,14.77643573720328,15.06790153513197,14.626286587686845,14.749939918518066
2023-08-02,14.749940515481356,14.767603833777262,14.51146802989891,14.679282188415527
2023-08-03,14.590958709321795,14.705777857895155,14.529132884349416,14.617454528808594
2023-08-04,14.635118879562405,14.785268026932258,14.396646407040762,14.414311408996582
2023-08-07,14.41431205736212,14.423144558737322,14.184672075489024,14.237667083740234
2023-08-08,14.246498949500948,14.299493961654342,14.149344796474741,14.220003128051758
2023-08-09,14.202336679489145,14.264162502752328,14.061020030708343,14.105181694030762
2023-08-10,14.052187529581127,14.246497500497894,14.04335502845391,14.105181694030762
2023-08-11,14.167009033252826,14.20233735481423,13.77838738831289,13.787219047546387
2023-08-14,13.690063537788612,13.875541851670553,13.57524354897468,13.796051025390625
2023-08-15,13.804883598568681,13.946200249441395,13.610572782461858,13.734225273132324
2023-08-16,13.654734743145312,13.81371639998851,13.619405579659457,13.698896408081055
2023-08-17,13.672398017019832,13.857876323869961,13.531081372241381,13.804883003234863
2023-08-18,13.760721532162098,13.937367340587006,13.601739883422852,13.601739883422852
2023-08-21,13.601739482016754,13.637068642659123,12.9481495889761,12.965814590454102
2023-08-22,12.98347934484984,13.160125156160067,12.736175209015524,12.895156860351562
2023-08-23,12.939317681159286,12.956982683446755,12.515367734024068,12.541864395141602
2023-08-24,12.541865254680596,12.692014415159663,12.462374423566533,12.559530258178711
2023-08-25,12.568362193949547,12.771505527075663,12.50653636497426,12.692014694213867
2023-08-28,13.221952589182742,13.380933407431476,12.833330939433129,12.912821769714355
2023-08-29,12.886323862707401,13.009975504703522,12.780336380004883,12.780336380004883
2023-08-30,12.780337857659788,12.912822015777266,12.683182022214153,12.771505355834961
2023-08-31,12.709678111177144,12.771503932432895,12.524199805096254,12.533031463623047
2023-09-01,12.533030970576313,13.098298367421922,12.515366811903991,13.062969207763672
2023-09-04,13.062970183071402,14.087516731968975,13.062970183071402,13.813715934753418
2023-09-05,13.822548891267605,13.85787805688034,13.531083064384095,13.654735565185547
2023-09-06,13.619405990789927,13.619405990789927,13.345604333773997,13.478089332580566
2023-09-07,13.416261680646432,13.495752505647943,13.204286708851516,13.248448371887207
2023-09-08,13.160125749062228,13.248449079853401,12.930486605169854,12.99231243133545
2023-09-11,13.027640274702527,13.062969434975278,12.85982697398537,12.921652793884277
2023-09-12,12.956983077355714,12.98347973927878,12.789168919777671,12.8421630859375
2023-09-13,12.833330809190725,13.00114496970659,12.780337484416869,12.868659973144531
2023-09-14,12.833330737168382,13.186623217037438,12.789169071895536,13.115964889526367
2023-09-15,13.115963733762579,13.221951215689687,12.90398792759473,12.965814590454102
2023-09-18,12.965815805752783,12.983479966572832,12.727343317329304,12.868659973144531
2023-09-19,12.850995410001033,13.115964552516106,12.806833745862907,13.08946704864502
2023-09-20,13.124795792061368,13.442759089843719,12.992311646194493,13.26611328125
2023-09-21,13.221952080483849,13.292610406390063,13.02764126308492,13.151293754577637
2023-09-22,13.195454610264525,13.213119612943077,12.939317967621333,13.027641296386719
2023-09-25,13.02763960046927,13.24844705132468,12.98347794183547,13.177788734436035
2023-09-26,13.14246138112227,13.204287206313282,12.983479725129735,13.009976387023926
2023-09-27,12.992311704039551,13.248448338219243,12.983479202992125,13.018808364868164
2023-09-28,13.027640906664136,13.160125053535255,13.027640906664136,13.080635070800781
2023-10-09,13.062970152588447,13.389765113642245,12.718510189271036,13.230783462524414
2023-10-10,13.248447875593058,13.248447875593058,12.824497947884623,12.965814590454102
2023-10-11,13.045305938936998,13.18662258720948,12.93931761041897,12.956982612609863
2023-10-12,12.992311314648312,13.327938763568449,12.965814654613828,13.239615440368652
2023-10-13,13.186622356493707,13.186622356493707,12.859827402502843,12.930485725402832
2023-10-16,12.912820068637707,13.098298367421922,12.824497590648885,13.062969207763672
2023-10-17,13.071802724233175,13.301442701016855,12.983479397066013,13.168957710266113
2023-10-18,13.133629086750359,13.133629086750359,12.965815769023582,12.99231243133545
2023-10-19,12.912821387849752,12.983479714384915,12.533032250987976,12.612523078918457
2023-10-20,12.586025928405212,12.965815050522021,12.497702602508483,12.850995063781738
2023-10-23,12.886324657030789,13.12479629723263,12.683181337593815,12.859827995300293
2023-10-24,12.868659900923916,13.115964889526367,12.647852416873397,13.115964889526367
2023-10-25,13.13362870733013,13.584076165187362,13.13362870733013,13.44275951385498
2023-10-26,13.345603743753001,13.566411223021465,13.257281257433828,13.548747062683105
2023-10-27,13.469256401062012,13.584076392771658,13.389765572777355,13.469256401062012
2023-10-30,13.442759580851016,13.628237897227576,13.098299609776351,13.195454597473145
2023-10-31,13.230782665479625,13.283776826764333,12.762671083771444,12.815665245056152
2023-11-01,12.877492605402,13.071803430276807,12.665517619527876,12.912821769714355
2023-11-02,12.850994658741673,12.912820479532549,12.718509674072266,12.718509674072266
2023-11-03,12.73617533265219,12.903988644447537,12.709678671276855,12.753839492797852
2023-11-06,12.806832836356461,13.00997529772606,12.745007016341997,12.79800033569336
2023-11-07,12.789168739577766,12.842162904990904,12.453542113778063,12.524200439453125
2023-11-08,12.52420041152275,12.533032070477176,12.188572944157853,12.294560432434082
2023-11-09,12.223902590383103,12.480039241092848,12.223902590383103,12.409380912780762
2023-11-10,12.435876554408905,12.453541556193596,12.16207576525539,12.30339241027832
2023-11-13,12.356386541324074,12.44470987141238,12.259231552077898,12.427044868469238
2023-11-14,12.444708551740318,12.453541052275266,12.276894410830762,12.356385231018066
2023-11-15,12.409380247240263,12.550696896285336,12.312224419286522,12.541864395141602
2023-11-16,12.533032250987976,12.69201390684894,12.418213102103604,12.612523078918457
2023-11-17,12.559529100636492,12.674349085850736,12.524199939210082,12.577193260192871
2023-11-20,12.577193690474239,12.656684516981553,12.435877039933985,12.586026191711426
2023-11-21,12.594858326162294,12.833329956425807,12.54186416259615,12.683180809020996
2023-11-22,12.674348650983443,12.674348650983443,12.382882868637584,12.40054702758789
2023-11-23,12.4005480407878,12.533032191837542,12.294560551485269,12.506535530090332
2023-11-24,12.506534709377576,12.753838834854713,12.462373047821107,12.718509674072266
2023-11-27,12.718510308803483,12.81566613753911,12.550696997290355,12.709678649902344
2023-11-28,12.76267302513241,12.76267302513241,12.488872203401497,12.692014694213867
2023-11-29,12.62135476084022,12.718509742939611,12.594858100688318,12.656683921813965
2023-11-30,12.612523283994138,12.692014113217118,12.53303245477116,12.59485912322998
2023-12-01,12.594858725479448,12.63018788820576,12.418212911847874,12.462373733520508
2023-12-04,12.497702576218074,12.630187564784471,12.40054759178698,12.45354175567627
2023-12-05,12.409380287715342,12.471206111295798,12.241566134691714,12.250398635864258
2023-12-06,12.215070050234033,12.241566712689055,11.905939233108498,11.950100898742676
2023-12-07,11.95893284520476,12.135578657227953,11.861777859170422,12.082585334777832
2023-12-08,12.082584809366745,12.435876418050247,11.976597326761693,12.259230613708496
2023-12-11,12.232734978954069,12.232734978954069,11.914771662174358,12.197405815124512
2023-12-12,12.109082256022218,12.117914757391457,11.75579062438957,11.985429763793945
2023-12-13,11.905938451706358,11.950100114442149,11.676299321644827,11.70279598236084
2023-12-14,11.70279671119431,11.738125875120462,11.658635045708193,11.676300048828125
2023-12-15,11.702795848019857,11.870609153713081,11.658634185791016,11.658634185791016
2023-12-18,11.640969596004053,11.755789576629509,11.534982115960622,11.649801254272461
2023-12-19,11.632138551644351,11.64097105333211,11.411331063332671,11.596809387207031
2023-12-20,11.605640730728494,11.73812487356897,11.55264656820412,11.614472389221191
2023-12-21,11.552646701829982,11.720460849836853,11.464323377372299,11.658634185791016
2023-12-22,11.729292254622784,11.81761557716925,11.57914311168197,11.755789756774902
2023-12-25,11.755789462155718,11.835279439679033,11.667466141822779,11.791118621826172
2023-12-26,11.773454276936056,11.879441761853807,11.667466792018304,11.826448440551758
2023-12-27,11.835280905019298,12.003095065966432,11.720461753609632,11.950100898742676
2023-12-28,11.976597747251592,12.303392707335783,11.950100243934793,12.26806354522705
2023-12-29,12.347552866109725,12.435876187802128,12.23273372714867,12.40054702758789
2024-01-02,12.391715447077122,12.665517090803249,12.276895457276726,12.524200439453125
2024-01-03,12.524200002949872,12.762671633213385,12.48887084134366,12.683180809020996
2024-01-04,12.674349447530915,12.71851026883888,12.39171530574063,12.647851943969727
2024-01-05,12.586025831180667,12.709678318018165,12.444709184688472,12.51536750793457
2024-01-08,12.44470898549454,12.559528969510016,12.329889001479062,12.365218162536621
2024-01-09,12.365218162536621,12.45354148633734,12.197404858091627,12.365218162536621
2024-01-10,12.31222283661567,12.374049494360653,12.162074548041296,12.215067863464355
2024-01-11,12.170908384599855,12.215070050234033,11.808784242564276,11.950100898742676
2024-01-12,11.976597489652123,12.073752472783056,11.826448343341088,12.011926651000977
2024-01-15,11.967765284815568,12.215069420375771,11.950100282547291,11.976597785949707
2024-01-16,11.96776455940098,12.04725538016263,11.817615418476443,12.003093719482422
2024-01-17,11.994261104731923,12.064919424222339,11.83527946472168,11.83527946472168
2024-01-18,11.720461077317754,11.755790239323797,11.376001116023584,11.685131072998047
2024-01-19,11.702795688897178,11.71162818968558,11.446659062228955,11.570311546325684
2024-01-22,11.534983057439968,11.570312220337993,10.996212270352977,11.084535598754883
2024-01-23,11.084535625231402,11.358336427766675,10.916721469329676,11.314175605773926
2024-01-24,11.349505071932796,11.693964209634345,11.30534340644668,11.676300048828125
2024-01-25,11.746956740351619,12.082584172054647,11.579142603343309,11.932435035705566
2024-01-26,11.905938097835847,12.232733886979423,11.799950615808322,12.153243064880371
2024-01-29,12.223902199687831,12.480038842211044,12.091417206601813,12.276895523071289
2024-01-30,12.197405117173489,12.312224261314167,12.064920128658333,12.100249290466309
2024-01-31,12.082585395856267,12.356386195297882,11.941268745523345,12.188572883605957
2024-02-01,12.135578317661098,12.294559965190327,12.056087493896484,12.056087493896484
2024-02-02,12.056087241286582,12.471205510962946,11.835279776484164,12.153243064880371
2024-02-05,12.100249123921818,12.453541579452622,11.799950831530413,12.347553253173828
2024-02-06,12.276895606719583,12.69201390684894,12.144411455044574,12.612523078918457
2024-02-07,12.656684516981553,12.656684516981553,12.276895386919357,12.586026191711426
2024-02-08,12.329889130208006,12.674349085850736,12.232734146863791,12.577193260192871
2024-02-19,12.541864718505693,12.789168860710758,12.48887139490431,12.736175537109375
2024-02-20,12.718510579246741,13.21311970771591,12.639020593564169,13.009976387023926
2024-02-21,12.948150934026708,13.054138426963771,12.789169273464255,12.912821769714355
2024-02-22,12.886324513015074,13.018808662500618,12.806833686398274,12.983479499816895
2024-02-23,12.992312240691033,13.10713223210925,12.753839756442352,12.8421630859375
2024-02-26,12.85099618763094,12.97464784392359,12.771505355834961,12.771505355834961
2024-02-27,12.736174651852256,12.771503812568774,12.550696347512131,12.674348831176758
2024-02-28,12.630187487768506,12.859827459365706,12.630187487768506,12.683180809020996
2024-02-29,12.612523323901003,12.903989137098337,12.559529999127149,12.868659973144531
2024-03-01,12.850995868748281,12.974647521972656,12.815666704639357,12.974647521972656
2024-03-04,12.939316996054744,13.354435262380422,12.930485337692295,13.319106101989746
2024-03-05,13.248448626362814,13.548746929997225,13.177790301073973,13.504585266113281
2024-03-06,13.513417434474533,13.893205712968244,13.46925577167843,13.831379890441895
2024-03-07,13.83138093602854,14.30832591950484,13.79605177158367,13.999195098876953
2024-03-08,14.016858164666486,14.308324801453624,14.00802566366701,14.122845649719238
2024-03-11,14.149343859064468,14.361318839751936,13.734225556816238,13.86670970916748
2024-03-12,13.893205677902365,13.946199841586665,13.3809324123133,13.601739883422852
2024-03-13,13.566411118485716,13.760721934592537,13.433926968870967,13.734225273132324
2024-03-14,13.80488299199708,13.857876312589038,13.36326805626709,13.451590538024902
2024-03-15,13.425093717414079,13.557578701939201,13.257280414458618,13.531081199645996
2024-03-18,13.619405057864434,13.628237558975927,13.20428677107463,13.354435920715332
2024-03-19,13.354436157874769,13.433926984662532,13.186622845344578,13.213119506835938
2024-03-20,13.124796211492784,13.274945364174203,12.903988733115836,13.08946704864502
2024-03-21,13.089466987868066,13.20428697716859,12.965815339631872,12.983479499816895
2024-03-22,12.903988673200097,13.062970326433692,12.718510358532125,12.983479499816895
2024-03-25,12.903987966510057,13.513417042320864,12.85982714730914,13.36326789855957
2024-03-26,13.274944898534457,13.36326822371263,12.95698244405762,13.204286575317383
2024-03-27,13.160126031983854,13.319107693900332,13.071803541607597,13.124796867370605
2024-03-28,13.062969411022369,13.274944372270182,12.948149429768065,13.045305252075195
2024-03-29,13.018809589591289,13.34560457826576,13.001145428148375,13.336772918701172
2024-04-01,13.345602026468173,13.3720995270366,12.98347794183547,13.177788734436035
2024-04-02,13.160125460247444,13.513417933344998,13.142461299865097,13.425094604492188
2024-04-03,13.42509369382196,13.513417016683496,13.26611289191028,13.486920356750488
2024-04-08,13.495752601038708,13.849045065507708,13.380932613259807,13.584075927734375
2024-04-09,13.495752369166233,13.53108153077477,13.124795751119759,13.204286575317383
2024-04-10,13.213118780334169,13.398597085202832,13.124795457134372,13.239615440368652
2024-04-11,13.204286546986895,13.49575234021039,12.974646575867277,13.3279390335083
2024-04-12,13.336772414800667,13.531082394899865,13.19545491702801,13.389765739440918
2024-04-15,13.389765114392107,13.716560075464207,13.248448465529975,13.584075927734375
2024-04-16,13.584075927734375,13.849045065507708,13.433926777739941,13.584075927734375
2024-04-17,13.58407553793719,14.582125394778892,13.301442248323132,14.493802070617676
2024-04-18,14.484971450308699,14.670450623590563,14.034524797083648,14.220003128051758
2024-04-19,14.202336642450087,14.935417387823898,14.158175821556506,14.749939918518066
2024-04-22,14.670448860367802,15.262212947937263,14.30832474398039,14.370150566101074
2024-04-23,14.14051109929238,14.272995249223282,13.51341782781299,13.610572814941406
2024-04-24,13.619404696384734,13.84904466530654,13.442758890411671,13.804883003234863
2024-04-25,13.80488355874596,13.928536049059726,13.513417756583355,13.672398567199707
2024-04-26,13.592908259044789,13.8490448924858,13.292609962807674,13.831379890441895
2024-04-29,13.769554529363537,13.769554529363537,13.354436232870492,13.716560363769531
2024-04-30,13.681230904435253,14.158175857508207,13.628237582302926,13.7518892288208
2024-05-06,13.98152841789965,14.078683397887298,13.566410153745846,14.025690078735352
2024-05-07,14.034523983882218,14.149343976620305,13.910871489630347,14.07868480682373
2024-05-08,14.04335476145533,14.149343088339501,13.95503227880339,14.016858100891113
2024-05-09,14.016858528075337,14.396646815449218,14.016858528075337,14.378983497619629
2024-05-10,14.45645775280739,14.740097494291023,14.38326056905276,14.648600578308105
2024-05-13,14.557103086540783,14.776694629119056,14.4015588590697,14.584551811218262
2024-05-14,14.584551252649275,14.685197154331572,14.45645662734075,14.57540225982666
2024-05-15,14.639449433491205,14.822443249473192,14.557102390815148,14.63029956817627
2024-05-16,14.666898593449742,14.91393796897609,14.493054647950354,14.538803100585938
2024-05-17,14.502205080070308,14.566252392717061,14.063021139206192,14.364959716796875
2024-05-20,14.383259389943762,14.483905291210824,14.127068395225292,14.4198579788208
2024-05-21,14.429008288173678,14.502205468180078,14.25516433122407,14.328361511230469
2024-05-22,14.23686484348019,14.456456373797105,14.081320624694246,14.136218070983887
2024-05-23,13.998974235398844,14.136218730101305,13.669586051986192,13.751933097839355
2024-05-24,13.69703527852624,14.00812372218897,13.69703527852624,13.815980911254883
2024-05-27,13.815981339541686,14.026423015261098,13.779382749304432,13.907477378845215
2024-05-28,13.989824295043945,14.127068789013704,13.907477249630405,13.989824295043945
2024-05-29,13.99897383636926,14.300912414171528,13.916626792863333,14.181966781616211
2024-05-30,14.300912627144095,14.355810075246131,13.78853150024294,13.889178276062012
2024-05-31,13.907477264040104,13.971525450861002,13.724484314364421,13.806831359863281
2024-06-03,13.468293769286397,13.697035167468535,13.22125264041168,13.3218994140625
2024-06-04,13.32189920769013,13.815980585206459,13.267000889042016,13.797680854797363
2024-06-05,13.852579500357605,14.017272715030256,13.770232456731682,13.815980911254883
2024-06-06,13.761082461941134,13.98067399449305,13.632986964996258,13.687885284423828
2024-06-07,13.742783919264237,13.815981098461503,13.514042516127983,13.678735733032227
2024-06-11,13.541491005562108,13.623838048877086,13.257851286652645,13.267001152038574
2024-06-12,13.267001142527796,13.468293817977976,13.221252688210138,13.449994087219238
2024-06-13,13.358498949270123,13.449994991477633,13.102307936898903,13.294450759887695
2024-06-14,13.248701360879329,13.321899411053932,13.01995996274885,13.111456871032715
2024-06-17,13.056559621140586,13.120606934358213,12.718021578929479,12.791218757629395
2024-06-18,12.772920080890426,13.08400853107872,12.745471356632402,13.074858665466309
2024-06-19,13.074859530164979,13.44999531929113,13.019961205439051,13.312750816345215
2024-06-20,13.276150766284493,13.395096396313946,13.001660917953382,13.038259506225586
2024-06-21,13.074858291142622,13.193803922961008,12.901015212379864,12.92846393585205
2024-06-24,12.855267013618676,12.983361640753351,12.626525610787665,12.76377010345459
2024-06-25,12.77291972416281,12.919314079555981,12.63567523412651,12.745471000671387
2024-06-26,12.718021023239434,12.846116516656993,12.617375125069383,12.782069206237793
2024-06-27,12.827818561994077,12.855267286594481,12.498430376472319,12.62652587890625
2024-06-28,12.589926327417679,12.653973637455424,12.352035072164403,12.416082382202148
2024-07-01,12.397784650992968,12.791219284567884,12.379484919274526,12.699723243713379
2024-07-02,12.809517932539423,12.809517932539423,12.571626675801834,12.599076271057129
2024-07-03,12.589927117903242,12.663124297564837,12.342885982110952,12.370335578918457
2024-07-04,12.46183102941774,12.525878340455908,12.287987954065922,12.306286811828613
2024-07-05,12.379485454258306,12.434383779206847,12.28798940944977,12.397785186767578
2024-07-08,12.31543713177632,12.35203572123236,11.940301371707122,12.031797409057617
2024-07-09,12.031796906369461,12.104994082223364,11.903702284914717,11.96774959564209
2024-07-10,11.931151659607359,12.013498705087054,11.775607434274427,11.793907165527344
2024-07-11,11.894552985876533,12.095845665344314,11.894552985876533,12.004348754882812
2024-07-12,12.01349849227982,12.077545805372065,11.876253128051758,11.876253128051758
2024-07-15,11.766457485746272,12.123294389451083,11.757308492763487,12.004348754882812
2024-07-16,11.95860038390752,12.050097295013671,11.757308575600725,11.793907165527344
2024-07-17,11.76645717454384,11.894552671286196,11.720709593102239,11.803055763244629
2024-07-18,11.748159204540903,11.894553570410194,11.674962021606257,11.857954978942871
2024-07-19,11.848804097587207,11.848804097587207,11.629212567600439,11.702409744262695
2024-07-22,11.739008339192232,11.739008339192232,11.464518490264894,11.519416809082031
2024-07-23,11.510267606276654,11.556016062493942,11.125981970178197,11.1351318359375
2024-07-24,11.116831790825517,11.244927290104647,11.052784477475551,11.144281387329102
2024-07-25,11.061933951014058,11.180879580577338,10.933838456273795,11.153429985046387
2024-07-26,11.153429873229522,11.373022272379794,11.080232697705817,11.263226509094238
2024-07-29,11.272376771029007,11.33642496125935,11.162580995378898,11.254077911376953
2024-07-30,11.217478438131083,11.290675616146688,11.107682671107678,11.226628303527832
2024-07-31,11.263226560786192,11.409620912505469,11.162579789544816,11.391321182250977
2024-08-01,11.373023409145974,11.5011180428263,11.281526494306386,11.308975219726562
2024-08-02,11.235777997216351,11.373023368991161,11.135132089311554,11.180880546569824
2024-08-05,11.125981457554024,11.30897440141264,11.043634414672852,11.043634414672852
2024-08-06,11.116832104418894,11.171730426395484,11.016186198804242,11.1351318359375
2024-08-07,11.144281375574876,11.491968411040768,11.043634600326284,11.327274322509766
2024-08-08,11.290676503260322,11.327275095143692,11.135132269611185,11.254077911376953
2024-08-09,11.290674972303497,11.36387214614508,11.208327933586931,11.217477798461914
2024-08-12,11.26322719685966,11.26322719685966,11.098533105585046,11.19002914428711
2024-08-13,11.217479407397931,11.254077999568102,10.906390937661854,11.016186714172363
2024-08-14,11.034485764581776,11.06193448886817,10.62275053738979,10.668498992919922
2024-08-15,10.622750031649216,10.878941021389231,10.613601039042136,10.787444114685059
2024-08-16,10.82404277904314,10.8331926442938,10.522104206404814,10.57700252532959
2024-08-19,10.577002518510932,10.869791225709848,10.577002518510932,10.759995460510254
2024-08-20,10.787445226678914,10.787445226678914,10.476356758912042,10.52210521697998
2024-08-21,10.503804601912098,10.57700265221631,10.384859842543323,10.49465560913086
2024-08-22,10.494655478007731,10.522104201166867,10.348261124386774,10.366559982299805
2024-08-23,10.348261117671857,10.650199689963951,10.33911125243169,10.549552917480469
2024-08-26,10.595302073834297,10.631900664643187,10.430607978904684,10.503805160522461
2024-08-27,10.476356649040424,10.485506515073904,10.33911214885523,10.421459197998047
2024-08-28,10.430607806477129,10.531254583972212,10.366560491765144,10.458057403564453
2024-08-29,10.439757731953982,10.503805047032719,10.394009275792358,10.403159141540527
2024-08-30,10.384859706053348,10.714247001486767,10.220165622047052,10.549552917480469
2024-09-02,10.494655807419369,10.577002852060701,10.256764539028671,10.384860038757324
2024-09-03,10.412308821841846,10.5129547255415,10.302513052556986,10.329961776733398
2024-09-04,10.247615246568966,10.357411021371078,10.128669605721864,10.211016654968262
2024-09-05,10.229314995639344,10.302512168884277,10.174416679416078,10.302512168884277
2024-09-06,10.265914978658945,10.366560887416068,10.201866788923272,10.211016654968262
2024-09-09,10.220166024071242,10.247614748292298,9.863329118880657,9.93652629852295
2024-09-10,9.96397577870541,10.009723361012009,9.753533235262418,9.835880279541016
2024-09-11,9.890778729801935,9.890778729801935,9.707784907855734,9.753533363342285
2024-09-12,9.771832190452912,9.79928091217353,9.479042625976179,9.515641212463379
2024-09-13,9.515642307547056,9.744383717560968,9.442445126148941,9.460744857788086
2024-09-18,9.46074453166881,9.707784792226963,9.433295807735504,9.652887344360352
2024-09-19,9.744383497729132,9.90907758844903,9.59798913823554,9.753533363342285
2024-09-20,9.726085229860645,9.735235096029577,9.524792537040499,9.607139587402344
2024-09-23,9.588839341718849,9.808431755120816,9.552240751581724,9.72608470916748
2024-09-24,9.790132041619623,10.512954852580663,9.790132041619623,10.458057403564453
2024-09-25,10.96128773110846,11.034485783630561,10.192717341708134,10.275063514709473
2024-09-26,10.284212625456284,10.933838204199436,10.192716593533353,10.924688339233398
2024-09-27,11.162580108684894,11.51026714024819,10.924688844050136,11.409621238708496
2024-09-30,11.912852579675883,12.544178462329217,11.674961313281619,12.480131149291992
2024-10-08,13.724484094922115,13.724484094922115,12.489280177347444,12.791218757629395
2024-10-09,12.361186160874274,12.406934617963977,11.528567557642816,11.546866416931152
2024-10-10,11.665812155594613,12.242240625639386,11.409622015323354,11.857954978942871
2024-10-11,11.912852553072799,12.07754576802634,11.437070021346761,11.565165519714355
2024-10-14,11.610913160093748,11.912852612947733,11.556015712359713,11.720709800720215
2024-10-15,11.729859186140565,11.821356098864658,11.473669052124023,11.473669052124023
2024-10-16,11.418770729973723,11.583464823845398,11.308974958252348,11.473669052124023
2024-10-17,11.52856706009994,11.592614373713863,11.254077201987236,11.27237606048584
2024-10-18,11.23577804664884,11.519417784834605,10.915540589590536,11.336424827575684
2024-10-21,11.35472252948261,11.409620847353436,11.043634097565963,11.235776901245117
2024-10-22,11.199178562049038,11.473668412336151,11.116831519704988,11.464518547058105
2024-10-23,11.446219681726188,11.729858524529908,11.382171497400204,11.64751148223877
2024-10-24,11.601764833745934,11.601764833745934,11.281526504108381,11.336424827575684
2024-10-25,11.345572551117582,11.574313940233495,11.345572551117582,11.528566360473633
2024-10-28,11.528566171972129,11.89455203954176,11.437069268790152,11.821354866027832
2024-10-29,11.912852955885423,11.912852955885423,11.299825912206446,11.318124771118164
2024-10-30,11.281525690039564,11.308974413502906,10.933838660046895,11.071084022521973
2024-10-31,11.09853306097995,11.135131650829528,10.979587425824018,11.061934471130371
2024-11-01,11.03448579123568,11.336424376852998,11.007036194303767,11.19002914428711
2024-11-04,11.272375614609665,11.290675344963633,11.034485228062277,11.153429985046387
2024-11-05,11.153430678016582,11.318124771118164,11.061934638299542,11.318124771118164
2024-11-06,11.336424070551237,11.37302265955904,11.190028841940839,11.226628303527832
2024-11-07,11.144281296878301,11.537715911865234,11.089382976895903,11.537715911865234
2024-11-08,11.656661105694047,11.729858281194547,11.4004709914423,11.446219444274902
2024-11-11,11.574313615484352,11.803054998182295,11.473667721225741,11.693259239196777
2024-11-12,11.702410187253355,11.986049911991062,11.510267373096639,11.610913276672363
2024-11-13,11.592613736279924,11.848803849227895,11.537715418644352,11.684110641479492
2024-11-14,11.63836225179801,11.684110704645116,11.226627921332387,11.263226509094238
2024-11-15,11.208329016853469,11.33642451974603,11.125981970178197,11.1351318359375
2024-11-18,11.199178381939419,11.501116950625592,11.144280936312386,11.208328247070312
2024-11-19,11.135132089311554,11.26322759511886,10.988737724148487,11.180880546569824
2024-11-20,11.18087945595345,11.281525354040946,11.080232685286795,11.235776901245117
2024-11-21,11.199178068711948,11.281525107428514,11.153429616916172,11.217477798461914
2024-11-22,11.217478652270689,11.25407724197715,10.705097523801014,10.723397254943848
2024-11-25,10.741695856621348,10.824042899636371,10.540404054339275,10.677648544311523
2024-11-26,10.659348813606325,10.759995587326546,10.613601232001699,10.677648544311523
2024-11-27,10.62275009957638,10.759995460510254,10.531254064866308,10.759995460510254
2024-11-28,10.75084539342546,10.769145123571414,10.659348487854004,10.659348487854004
2024-11-29,10.659348941482298,10.833192894950482,10.61360135932886,10.805744171142578
2024-12-02,10.759995521786104,10.924688734233799,10.613601167352963,10.915539741516113
2024-12-03,10.86064211867457,10.897240709629477,10.72339762073848,10.869791984558105
2024-12-04,10.814892781293308,10.915539552659123,10.769145200758846,10.842342376708984
2024-12-05,10.814892195612211,10.833191924898307,10.732545158983022,10.77829360961914
2024-12-06,10.778295428776625,11.034486446547081,10.759996568981174,11.016186714172363
2024-12-09,10.997886520755783,11.18087945941662,10.979586790600118,11.052783966064453
2024-12-10,11.299825087690953,11.501116883928292,11.03448510848795,11.052783966064453
2024-12-11,10.933839014310431,11.25407733121569,10.92468914866646,11.19002914428711
2024-12-12,11.190028448449288,11.235776901245117,11.125981138082624,11.235776901245117
2024-12-13,11.199178776268573,11.199178776268573,10.94298865163711,10.988737106323242
2024-12-16,10.979586546613362,11.135130759163381,10.878940650731229,11.03448486328125
2024-12-17,10.979586656450476,11.09853228327152,10.91553934684651,10.924688339233398
2024-12-18,10.970437049865723,11.107682409851316,10.970437049865723,10.970437049865723
2024-12-19,10.897239371690059,10.952137687671742,10.814892334007101,10.906389236450195
2024-12-20,10.970437953110327,11.025336276140418,10.778295131373865,10.81489372253418
2024-12-23,10.860642179629384,10.979587819045216,10.75084640614844,10.81489372253418
2024-12-24,10.824043708628961,10.952139215401697,10.796594983098823,10.942989349365234
2024-12-25,10.970437176089987,10.970437176089987,10.83319268710445,10.888090133666992
2024-12-26,10.888090211946196,10.915539808003995,10.668498678958924,10.677648544311523
2024-12-27,10.686798290599965,10.705097148522107,10.558702794828273,10.57700252532959
2024-12-30,10.595301756915767,10.641050212203293,10.476356122199883,10.512954711914062
2024-12-31,10.522104390646403,10.5587029797107,10.311662721671487,10.439757347106934
2025-01-02,10.439756650573742,10.659348170308538,10.25676371746141,10.302512168884277
2025-01-03,10.30251267073543,10.595301377977345,10.30251267073543,10.366559982299805
2025-01-06,10.375709965517917,10.485505731982014,10.201866014182038,10.467206001281738
2025-01-07,10.439757228766142,10.458056959380448,10.174417242912968,10.339111328125
2025-01-08,10.320812367773852,10.375710691134763,10.16526813626039,10.265914916992188
2025-01-09,10.2018665350258,10.265914723167482,10.110370494590759,10.165267944335938
2025-01-10,10.165268687262381,10.238465873991707,9.963976860046387,9.963976860046387
2025-01-13,9.94567553395535,10.156118066527506,9.909076946453126,10.137818336486816
2025-01-14,10.128669293885439,10.22931607212315,10.101220569174801,10.220166206359863
2025-01-15,10.183567164899758,10.293362931459153,10.119519852551575,10.284213066101074
2025-01-16,10.384859712792013,10.421458301197251,10.284212940243222,10.366559982299805
2025-01-17,10.329961511346413,10.494655597332153,10.302512787875184,10.467206001281738
2025-01-20,10.494655351598835,10.531253939563243,10.430607168226748,10.448906898498535
2025-01-21,10.476356222357865,10.485506088018687,10.037173141588955,10.11952018737793
2025-01-22,10.064621416577362,10.18356704711914,10.02802282814752,10.18356704711914
2025-01-23,10.229316142912253,10.357410774167821,10.183567686358451,10.192717552185059
2025-01-24,10.18356735992064,10.421458628311338,10.156118635899931,10.384860038757324
2025-01-27,10.384859516297958,10.714246805712708,10.384859516297958,10.659348487854004
2025-02-05,10.705097276945509,10.714247142305934,10.430607424187073,10.49465560913086
2025-02-06,10.567852458274341,10.68679808652398,10.448906830024704,10.47635555267334
2025-02-07,10.485505985562241,10.769145710221727,10.430607664712944,10.723397254943848
2025-02-10,10.677648406412892,10.842342490315964,10.650199683288772,10.732545852661133
2025-02-11,10.705097707624073,10.824043344357358,10.659349251560624,10.796594619750977
2025-02-12,10.750846163687525,10.805744485479511,10.714247573352608,10.796594619750977
2025-02-13,10.787443855059427,10.970436791484438,10.787443855059427,10.924688339233398
2025-02-14,10.906389864240627,10.96128731080317,10.778294367962726,10.888090133666992
2025-02-17,10.906390575513013,10.906390575513013,10.769146077576922,10.869791984558105
2025-02-18,10.851491056107715,11.162579481207755,10.787443747144462,11.03448486328125
2025-02-19,10.970437563289837,11.043634743009497,10.833193069460277,10.851491928100586
2025-02-20,10.897240454119322,10.915540185457317,10.78744468382901,10.824043273925781
2025-02-21,10.814893281661703,10.878941468015741,10.650200064443679,10.695947647094727
2025-02-24,11.620063705978717,11.674962029506476,11.052785101561721,11.125982284545898
2025-02-25,11.080232814306695,11.144280997998306,10.869791150606291,10.970437049865723
2025-02-26,10.979587700902048,11.528567434978843,10.979587700902048,11.418770790100098
2025-02-27,11.427920859986328,11.49196904940574,11.281526494306386,11.308975219726562
2025-02-28,11.308974603454612,11.354723058381387,11.116831790825517,11.144281387329102
2025-03-03,11.199178438352135,11.318124067915413,11.125981262094605,11.153429985046387
2025-03-04,11.153429479810143,11.208327795806051,11.071083314684977,11.08938217163086
2025-03-05,11.125982040818258,11.125982040818258,10.915540362493532,11.107683181762695
2025-03-06,11.107682727832126,11.18087990622153,10.942988640166368,10.961287498474121
2025-03-07,10.970438169846393,11.272376771029007,10.90639085219531,11.254077911376953
2025-03-10,11.29982535018937,11.29982535018937,11.016185634241664,11.098532676696777
2025-03-11,10.988737526091747,11.29067611694336,10.988737526091747,11.29067611694336
2025-03-12,11.290676320442124,11.299826186409627,11.144281955279057,11.180880546569824
2025-03-13,11.199179721274394,11.226629319949835,11.06193521821427,11.171730995178223
2025-03-14,11.217478741219022,11.235777599927749,11.052784649944407,11.19002914428711
2025-03-17,11.199178068711948,11.32727355922429,11.14428062462033,11.217477798461914
2025-03-18,11.22662918560924,11.281526637144665,11.144282135726844,11.254077911376953
2025-03-19,11.26322737446953,11.50111777690956,11.24492764289302,11.473669052124023
2025-03-20,11.473669234619326,11.77560782980042,11.45537037533099,11.546866416931152
2025-03-21,11.537716026893351,12.059247017898475,11.455369854967575,11.848804473876953
2025-03-24,11.894553509037932,11.949451832245282,11.720710418609936,11.912853240966797
2025-03-25,11.867103821577352,12.059246628355892,11.77560691450979,11.88540267944336
2025-03-26,11.84880344923771,11.903701765020033,11.620062066539765,11.693259239196777
2025-03-27,11.693260965199682,11.729859556930384,11.556016464354368,11.620063781738281
2025-03-28,11.583464884838982,11.665811932208426,11.391322065170026,11.418770790100098
2025-03-31,11.400471571625342,11.574314654141311,11.27237607169096,11.299825668334961
2025-04-01,11.391321177853191,11.60176371280278,11.318124002021811,11.57431411743164
2025-04-02,11.5834647527291,11.601764484193259,11.464519115949733,11.501117706298828
2025-04-03,11.446219827684676,11.51026714024819,11.363872784343474,11.409621238708496
2025-04-07,10.796593666412312,11.089382363238414,10.284212574387483,10.613600730895996
2025-04-08,10.61360247146633,10.96128866967631,10.604452605045202,10.878942489624023
2025-04-09,10.769145399190208,10.769145399190208,10.229315562176707,10.339111328125
2025-04-10,10.4672068927826,10.613602133115858,10.394009708905603,10.52210521697998
2025-04-11,10.494655666992976,10.540404121468148,10.366560168978337,10.439757347106934
2025-04-14,10.503805100357889,10.659349328549533,10.430607919159378,10.558703422546387
2025-04-15,10.56785356421672,10.595302289737909,10.366560874376418,10.421459197998047
2025-04-16,10.403158827460201,10.430607551296784,10.265914335698085,10.412308692932129
2025-04-17,10.357410246462049,10.549553056135034,10.339111388320386,10.49465560913086
2025-04-18,10.45805725053998,10.732546236763088,10.448907384978087,10.695947647094727
2025-04-21,10.668499101262569,11.125981916051387,10.641050376697422,10.97958755493164
2025-04-22,11.025335940418996,11.08023338919822,10.952138760327221,11.007036209106445
2025-04-23,10.979586920700484,11.052784097032154,10.778294249498806,10.787444114685059
2025-04-24,10.750846977466097,10.988738268939695,10.750846977466097,10.878942489624023
2025-04-25,10.851492313694495,10.888090904854808,10.796594863243644,10.81489372253418
2025-04-28,10.824043076016533,11.144281387942382,10.814893210514835,10.933838844299316
2025-04-29,10.888090083620192,10.988736856154201,10.741695730020734,10.759995460510254
2025-04-30,10.769146026011358,10.869791932510621,10.66849924693286,10.714247703552246
2025-05-06,10.787444997308755,10.842343320338847,10.604452041507184,10.81489372253418
2025-05-07,10.888091205287136,11.043635440155175,10.814894020946795,11.016186714172363
2025-05-08,10.979586656450476,11.025335108701517,10.91553934684651,10.924688339233398
2025-05-09,10.969806646096492,11.046252133150038,10.893362070334172,10.931584358215332
2025-05-12,10.950696008329315,11.046252184118737,10.87425143221427,10.960251808166504
2025-05-13,10.99847407058732,11.046252158370663,10.941140182989063,10.969806671142578
2025-05-14,10.960251824195698,11.046252200273704,10.912473736231112,11.017584800720215
2025-05-15,11.027140558740836,11.065362846709265,10.950695982803978,10.969806671142578
2025-05-16,10.960251612470286,10.979362300512209,10.70225048922022,10.730916976928711
2025-05-19,10.730917044622874,10.788250931692753,10.673584068844216,10.769140243530273
2025-05-20,10.769140218093286,10.797806705914905,10.730917019276172,10.778695106506348
2025-05-21,10.778695198595198,10.902917861938477,10.769140310100504,10.902917861938477
2025-05-22,10.87425130665196,10.87425130665196,10.740472844349725,10.769140243530273
2025-05-23,10.836028976349468,10.855139664436665,10.702250514574224,10.721362113952637
2025-05-26,10.72136212243042,10.845584784614685,10.692694723340134,10.750028610229492
2025-05-27,10.750028567655232,10.750028567655232,10.654472393648478,10.702250480651855
2025-05-28,10.702250514574224,10.75002860172904,10.67358402679782,10.721362113952637
2025-05-29,10.702250539900183,10.778695115012303,10.692694740188363,10.759584426879883
2025-05-30,10.740472885954649,10.931584324775844,10.711806397954275,10.86469554901123
2025-06-03,10.807362488573064,10.845584776038674,10.654472427419407,10.721362113952637
2025-06-04,10.711806347984865,10.84558481018125,10.702250548265576,10.788250923156738
2025-06-05,10.788250880696282,10.797806680377962,10.683139818071458,10.740472793579102
2025-06-06,10.75002866073318,10.864695523759387,10.702250573316121,10.826473236083984
2025-06-09,10.845584843903062,10.87425133185884,10.750028668995501,10.85513973236084
2025-06-10,10.874251365661621,10.969806629574995,10.836029077838027,10.874251365661621
2025-06-11,10.912472881500367,11.151362391320795,10.86469479727805,11.113140106201172
2025-06-12,11.1131409855256,11.122696785384397,10.941140233232208,10.99847412109375
2025-06-13,10.99847418585602,11.132251739501953,10.99847418585602,11.132251739501953
2025-06-16,11.0940293688558,11.160919056473928,10.969806704754971,10.98891830444336
2025-06-17,11.036696425193472,11.10358520171928,11.008029936866874,11.055807113647461
2025-06-18,11.084473553851602,11.103584240651468,10.922028615242535,11.008028984069824
2025-06-19,10.988918246167028,11.036696333843391,10.855139782931458,10.883807182312012
2025-06-20,10.922028615242535,11.06536195576058,10.893361218106003,11.008028984069824
2025-06-23,10.95069594130881,10.9793624293537,10.836029077838027,10.874251365661621
2025-06-24,10.89336209520572,10.99847407058732,10.855139807237292,10.969806671142578
2025-06-25,10.988918312457956,11.046252200273704,10.94114022449337,11.017584800720215
2025-06-26,11.036696458633225,11.122696835164822,11.008029970219772,11.074918746948242
2025-06-27,11.084473647825073,11.189584704343353,11.036695563483613,11.151362419128418
2025-06-30,11.160919237893925,11.361586481427677,11.160919237893925,11.237363815307617
2025-07-01,11.246918625808945,11.275585111994205,11.151362456803191,11.21825122833252
2025-07-02,11.256473823789715,11.657808286604686,11.218251537392632,11.648252487182617
2025-07-03,11.5813646714606,11.648253450363656,11.457142002575448,11.629142761230469
2025-07-04,11.619586138398379,11.94447603228307,11.590919651082435,11.820253372192383
2025-07-07,11.934920319266423,12.068698779862617,11.715142396098969,11.915809631347656
2025-07-08,11.896698049532114,12.087809485455244,11.84891996272853,11.973142623901367
2025-07-09,11.973142563171798,12.126031711134825,11.715142353806993,11.86803150177002
2025-07-10,11.877587344218917,11.94447611887141,11.810697658275215,11.915809631347656
2025-07-11,11.94447617883774,12.12603181578794,11.858475804543513,12.020920753479004
2025-07-14,12.030476544495341,12.192921493314213,11.973142657909946,11.992254257202148
2025-07-15,11.973142708772128,12.126031858594375,11.88714233417431,12.06869888305664
2025-07-16,12.059143951924343,12.106922042507794,11.848920900131924,11.944477081298828
2025-07-17,11.944476161934965,12.068698823374033,11.829809300135334,12.011364936828613
2025-07-18,12.049588203430176,12.183366675381581,11.982699423100117,12.049588203430176
2025-07-21,12.212032578711057,12.718479040940318,12.145143801594122,12.603811264038086
2025-07-22,12.632479017167336,13.148480382492018,12.546478637731344,13.129368782043457
2025-07-23,13.138924398584251,13.186702487746444,12.80447868574015,12.852256774902344
2025-07-24,12.852256774902344,12.919146464245916,12.651589529454133,12.852256774902344
2025-07-25,12.871368351121243,13.014701707049728,12.747145684047306,12.814034461975098
2025-07-28,12.728034067422984,12.938257112298345,12.527366822608151,12.804478645324707
2025-07-29,12.804478788963165,13.014701836196773,12.718479321327438,12.986035346984863
2025-07-30,12.995591066439191,13.244035490218124,12.842700998578977,12.89047908782959
2025-07-31,12.871368052007236,12.890478740417675,12.25025473107142,12.355366706848145
2025-08-01,12.374477319999565,12.450921895758864,12.192921680394038,12.240699768066406
2025-08-04,12.221588176639,12.28847695265023,12.135587801029578,12.269366264343262
2025-08-05,12.317144434643788,12.47958938715286,12.24069985832084,12.412699699401855
2025-08-06,12.403143908354126,12.489144284601375,12.326699331976846,12.39358901977539
2025-08-07,12.39358890250344,12.39358890250344,12.030476712501622,12.231143951416016
2025-08-08,12.212032475234432,12.460477804265373,12.13558789880818,12.422255516052246
2025-08-11,12.479589345214526,12.517811633247552,12.250254705725142,12.364921569824219
2025-08-12,12.364921570496355,12.470033546061313,12.259810506222628,12.317144393920898
2025-08-13,12.345810831432583,12.384033119310747,12.250254656091563,12.288476943969727
2025-08-14,12.326700059457698,12.345811660325538,12.05914402634695,12.087810516357422
2025-08-15,12.097365554250631,12.393588969991105,12.068699066047111,12.317144393920898
2025-08-18,12.317144075674916,12.364921251015923,11.896698006860884,11.92536449432373
2025-08-19,11.944476170262854,12.116476918727829,11.915809682615762,11.992254257202148
2025-08-20,11.992254391540211,12.307588493064248,11.963587903571996,12.212032318115234
2025-08-21,12.212032401667715,12.422255441219122,12.212032401667715,12.307588577270508
2025-08-22,12.317144326849503,12.326699215337825,12.116477087935108,12.231143951416016
2025-08-25,12.231144203574244,12.72803395556876,12.231144203574244,12.594256401062012
2025-08-26,12.60381136947636,12.852256702690852,12.450922214049363,12.737589836120605
2025-08-27,12.699367282576471,12.794923458372333,12.345810890197754,12.345810890197754
2025-08-28,12.33625426448173,12.556033089582131,12.19292092167494,12.508255004882812
2025-08-29,12.517811750671846,12.661145104317436,12.431811373967998,12.479589462280273
2025-09-01,12.536922486921151,12.68981164106914,12.326699444322047,12.603811264038086
2025-09-02,12.594256285650422,12.651589262401854,12.345810956284252,12.431811332702637
2025-09-03,12.42225452730815,12.47958841070999,12.298031872680129,12.403142929077148
2025-09-04,12.374477294598911,12.412699582400103,12.068698992189377,12.20247745513916
2025-09-05,12.212032360054282,12.298032735545497,12.135587784349031,12.259810447692871
2025-09-08,12.298032851536776,12.460477804265373,12.25025476344756,12.422255516052246
2025-09-09,12.431811274247691,12.508255850417646,12.259810522219677,12.37447738647461
2025-09-10,12.307588510080395,12.326699198321887,12.0686989836688,12.221588134765625
2025-09-11,12.221588250720584,12.39358900298202,12.212032450863564,12.384033203125
2025-09-12,12.393589132730224,12.708923240983259,12.278922267119231,12.603811264038086
2025-09-15,12.603810225102206,12.651588309657901,12.298031942011628,12.441366195678711
2025-09-16,12.470033546061313,12.54647812213152,12.154699441948901,12.317144393920898
2025-09-17,12.269366444529709,12.536922463795145,12.192921867596727,12.51781177520752
2025-09-18,12.51781151406364,12.51781151406364,12.097365438412254,12.154699325561523
2025-09-19,12.135587623922644,12.29803257297167,12.001810073852539,12.001810073852539
2025-09-22,12.02092082957299,12.164254180109877,11.848920079895752,12.135587692260742
2025-09-23,12.116476978720327,12.145143466509355,11.934920429710308,12.097365379333496
2025-09-24,12.059143167229788,12.250254605836595,12.001810191293357,12.212032318115234
2025-09-25,12.231144026017459,12.422255466317951,12.173810138281697,12.345810890197754
2025-09-26,12.278921407678206,12.756700436595004,12.240699121816508,12.689810752868652
2025-09-29,12.69936668405063,12.833145141601562,12.498699453369827,12.833145141601562
2025-09-30,12.833145256062206,13.043367376714288,12.737589083917664,13.014700889587402
2025-10-09,13.158036278083353,13.234480857849121,12.756701778667438,13.234480857849121
2025-10-10,13.158035472944151,13.482924461423094,12.938256636097366,13.435147285461426
2025-10-13,13.158035372663926,13.406479784161291,13.072034998522405,13.330035209655762
2025-10-14,13.406479741073163,13.52114660246292,13.17714601829365,13.282257080078125
2025-10-15,13.40829346590112,13.670061028706199,13.233781757364403,13.563414573669434
2025-10-16,13.563414566179887,13.563414566179887,13.233781750056876,13.272562026977539
2025-10-17,13.272562684452858,13.45676970239702,13.098051891962594,13.175612449645996
2025-10-20,13.185307502746582,13.2434774576187,12.981710811504643,13.185307502746582
2025-10-21,13.204697229618942,13.330733365113202,13.059271417291978,13.291953086853027
2025-10-22,13.21439195556547,13.34042808557772,13.156221078407999,13.204696655273438
2025-10-23,13.18530748656282,13.660366124012667,13.14652720849742,13.621585845947266
2025-10-24,13.611890298069932,13.796096384386436,13.485854165497695,13.631280899047852
2025-10-27,14.15481576885989,14.755910558414929,14.15481576885989,14.368106842041016
2025-10-28,14.368106094330866,14.465057249527744,13.922132444695757,14.106339454650879
2025-10-29,14.048168641282002,14.145119796925178,13.854267254590397,14.067559242248535
2025-10-30,14.057864239464298,14.368106464740771,14.02877926199332,14.164509773254395
2025-10-31,14.222680221017752,14.28085017419378,14.00938823531793,14.145119667053223
2025-11-03,14.203289806536878,14.591093506041162,14.028779020124961,14.465057373046875
2025-11-04,14.397191936743974,14.765604105957463,14.358411659742831,14.435972213745117
2025-11-05,14.38749725657668,14.726824463816076,14.164509960761281,14.629874229431152
2025-11-06,14.658959332601167,15.027372445440767,14.523227893788226,14.84316635131836
2025-11-07,14.784994619849,14.930420426599786,14.639568813098213,14.765604019165039
2025-11-10,14.775299583335496,15.027371849159623,14.726824005354741,14.901335716247559
2025-11-11,14.930420875549316,15.007981431427902,14.62017865203497,14.930420875549316
2025-11-12,14.911031571757466,15.289139984567008,14.881946593724358,15.134017944335938
2025-11-13,15.10493278503418,15.21157831960562,14.911031392815755,15.10493278503418
2025-11-14,15.027372445440767,15.240664442262595,14.804386072313916,14.84316635131836
2025-11-17,14.7171300756922,14.881946491067536,14.368106643323356,14.484447479248047
2025-11-18,14.474752538091659,14.532922491486271,14.145119720206383,14.251765251159668
2025-11-19,14.290545713188903,14.658958812968958,14.183900180855762,14.57170295715332
2025-11-20,14.542617980079692,14.804385547526605,14.445666823707926,14.57170295715332
2025-11-21,14.46505800228319,14.70743497829384,14.339021863806277,14.368106842041016
2025-11-24,14.368106525459641,14.70743465423584,14.135424855518984,14.70743465423584
2025-11-25,14.542618259662317,14.562008861147357,14.232376032659849,14.271156311035156
2025-11-26,14.339021304747517,14.542617993642299,14.222680471749749,14.426277160644531
2025-11-27,14.503838080866215,14.629874217599989,14.368106643323356,14.484447479248047
2025-11-28,14.523227185480977,14.736519171900415,14.474752532535652,14.688043594360352
2025-12-01,15.124322868191157,15.473345362222126,14.998286736420178,15.41517448425293
2025-12-02,15.347309951509319,15.492735766372704,15.230969114699654,15.279444694519043
2025-12-03,15.38609014598284,15.657552097048512,15.23096903108817,15.463650703430176
2025-12-04,15.444260266887772,15.599381374154298,15.221272981746093,15.347309112548828
2025-12-05,15.308529588535505,15.531516884642675,15.260054008982227,15.463650703430176
2025-12-08,15.415175080154913,15.589686796213838,14.804385923138222,15.066152572631836
2025-12-09,14.930420635935338,15.114627646636766,14.455362007654383,14.503837585449219
2025-12-10,14.581398324006202,14.9401161248611,14.484447167193633,14.823775291442871
2025-12-11,14.784995470514303,15.027372445440767,14.717130213405223,14.84316635131836
2025-12-12,14.88194603634678,14.98859156820381,14.552313215668102,14.610483169555664
2025-12-15,14.552313151044356,14.881945970259205,14.50383757329016,14.649263381958008
2025-12-16,14.629873901557882,14.833470591176582,14.455362189143354,14.532922744750977
2025-12-17,14.591093933608748,14.823775605372816,14.445667195310124,14.775300025939941
2025-12-18,14.775299763792143,14.998287055389149,14.688043907280043,14.930420875549316
2025-12-19,14.95950684187628,15.269749066726755,14.891640661744168,15.182493209838867
2025-12-22,15.34730924203177,15.40548012004486,15.12432287960352,15.26974868774414
2025-12-23,15.260054159372233,15.327920341253565,15.07584806476813,15.2406644821167
2025-12-24,15.240663828141129,15.386089637399172,15.037067140423021,15.337614059448242
2025-12-25,15.29883435348531,15.512126349679948,15.269749375466198,15.424870491027832
2025-12-26,15.463650050344496,15.783588492046071,15.40548009701311,15.560600280761719
2025-12-29,15.550907287709345,15.706028400623044,15.415174927017711,15.579991340637207
2025-12-30,15.473345432094131,15.74480737312182,15.405480177985895,15.66724681854248
2025-12-31,15.851454239559127,15.977489450567951,15.686637825661723,15.870844841003418
2026-01-05,16.142306055308666,16.142306055308666,15.434565736930557,15.609077453613281
2026-01-06,15.560600172742934,15.618771974859978,15.182492704929462,15.347309112548828
2026-01-07,15.347309571139228,15.453955104422938,15.201883759880099,15.366700172424316
2026-01-08,15.318225021422702,15.463650836741468,15.143713303364352,15.386090278625488
2026-01-09,15.40548038482666,15.502430617055161,15.230968672382705,15.40548038482666
2026-01-12,15.46365019228276,15.560600423589873,15.22127322712286,15.337614059448242
2026-01-13,15.337614402058636,15.628467876261274,15.250358544716798,15.289139747619629
2026-01-14,15.318224579385866,15.395785135263688,15.104932588424479,15.221273422241211
2026-01-15,15.163103714374243,15.48304124372518,15.134017812000687,15.211578369140625
2026-01-16,15.240664089295713,15.444260780502526,15.1727979091636,15.182493209838867
2026-01-19,15.20188418424873,15.424870557683478,15.182493582422342,15.386090278625488
2026-01-20,15.415175248372465,15.686638126225295,15.269749433132922,15.676942825317383
2026-01-21,15.609076729058659,15.647856081416087,15.337613865798785,15.453954696655273
2026-01-22,15.46365046957036,15.82236827348802,15.395785213978977,15.618772506713867
2026-01-23,15.75450255482768,15.75450255482768,15.42486973805305,15.599381446838379
2026-01-26,15.647856016219963,15.686637217605279,15.376394078685857,15.492734909057617
2026-01-27,15.512125596709556,15.638160803539453,15.11462752622903,15.163103103637695
2026-01-28,15.17279766190491,15.26005351737086,14.755909910204457,15.192188262939453
2026-01-29,15.230968399107491,15.463650061794803,15.124322868191157,15.41517448425293
2026-01-30,15.405480245348393,16.074440262668997,15.327919690429908,15.919319152832031
2026-02-02,15.638160710656008,15.638160710656008,14.329325675964355,14.329325675964355
2026-02-03,14.51353327862061,14.639569414459451,14.319631886789608,14.56200885772705
2026-02-04,14.629874336332724,15.075848006627508,14.591094057376429,14.988592147827148
2026-02-05,14.911030898861497,15.143712561815615,14.707434212627959,14.833470344543457
2026-02-06,14.71712977277745,14.930420838618605,14.658958893715019,14.678349494934082
2026-02-09,14.814080299345559,15.08554317423606,14.784995321533996,15.066152572631836
2026-02-10,15.02737166089419,15.366699777913565,14.959506407328208,15.308528900146484
2026-02-11,15.230968594673554,15.618772295393224,15.230968594673554,15.589686393737793
2026-02-12,15.589686193565782,15.851453757535063,15.395784807993023,15.41517448425293
2026-02-13,15.415174677457694,15.415174677457694,14.969201022753403,15.007981300354004
2026-02-24,15.066152680142858,15.492735747937353,15.066152680142858,15.424870491027832
2026-02-25,15.434564982561119,16.113221214448934,15.395784705704221,15.929014205932617
2026-02-26,15.899928299945467,16.96638730007371,15.812672445895645,16.801570892333984
2026-02-27,16.77248623867676,17.78077536082457,16.559195162463766,17.480228424072266
2026-03-02,17.30571643787414,17.33480049148195,16.82096248638853,17.19906997680664
2026-03-03,17.169982663121054,17.538396671523042,16.90821695621266,17.179677963256836
2026-03-04,16.917913131193984,17.4026670679137,16.78218077146359,16.9276065826416
2026-03-05,17.257239701879715,17.296020905089698,16.927606871353042,17.063339233398438
2026-03-06,17.05364454119999,17.305716823492105,16.830658162353373,17.111814498901367
2026-03-09,16.966386922201746,17.092422125694757,16.597974762677282,16.888826370239258
2026-03-10,16.850045416281002,17.063338324191673,16.636754357559784,16.879131317138672
2026-03-11,16.820961599687653,17.063338562653787,16.77248509758074,17.014862060546875
2026-03-12,17.034252967392057,17.20876467973291,16.82096190185852,17.005168914794922
2026-03-13,17.189374286018786,17.276630143242397,16.81126680417616,16.850046157836914
2026-03-16,16.850045988949766,16.966387747145003,15.715721705601633,15.802977561950684
2026-03-17,16.200474838838346,16.442851794649975,15.9968790835675,16.01626968383789
2026-03-18,16.142306537416907,16.258648301743253,15.82236899700647,16.1713924407959
2026-03-19,16.016270881147722,16.055050235398067,15.502431030706347,15.570296287536621
2026-03-20,15.599382208332063,15.793284527378885,15.386090212137423,15.424870491027832
2026-03-23,15.221273736310835,15.512126289151379,15.085543223021418,15.172798156738281
2026-03-24,15.39578538094737,15.560600871371774,15.075847851697151,15.50243091583252
2026-03-25,15.676941954549985,15.812672461342537,15.453954669027642,15.783588409423828
2026-03-26,15.793283863313482,15.996879625481384,15.676942106939336,15.81267261505127
2026-03-27,15.706028089103576,15.967793806210024,15.57029573110411,15.919319152832031
2026-03-30,15.909624991424796,16.14230667283992,15.706029213632672,16.09383201599121
2026-03-31,16.084135695287014,16.142305649656276,15.676942316323185,15.841758728027344
2026-04-01,15.938710232666505,16.30712241729923,15.88053842783801,16.04535484313965
2026-04-02,15.967794399132282,16.152001417349787,15.802977982661792,15.861149787902832
2026-04-03,15.880538843130294,16.345904047980284,15.832064187028436,16.103527069091797
2026-04-07,16.103525972398337,16.13261002440291,15.483040615846406,15.599381446838379
2026-04-08,15.696332169199412,16.219865431942733,15.628466917472446,16.16169548034668
2026-04-09,16.093831726830196,16.627060339343863,15.996880565685094,16.394378662109375
2026-04-10,16.423464431331457,16.60766960189702,16.229562110621877,16.471939086914062
2026-04-13,16.384682981117827,16.578585298911467,16.307122423838283,16.48163414001465
2026-04-14,16.568888962383514,16.636754214612175,16.122914399011783,16.22956085205078
2026-04-15,16.229560860275594,16.42346316604669,16.055049154919498,16.084135055541992
2026-04-16,16.103526915756607,16.345903892337223,16.03566165818437,16.326513290405273
2026-04-17,16.29742610427944,16.336207305089783,16.11322094799863,16.22956085205078
2026-04-20,16.31681774186812,16.374987697591788,16.093831370602775,16.33620834350586
2026-04-21,16.345903235344284,16.44285254272817,16.103526268505558,16.132610321044922
2026-04-22,16.132610253108883,16.229561409274005,15.870844535409407,15.880537986755371
2026-04-23,15.812672634971635,15.870844437826733,15.027371788322668,15.230968475341797
2026-04-24,15.172797991050572,15.240664171548955,14.784995207894525,14.998287200927734
2026-04-27,15.037067600120599,15.269749271884667,14.765604725134413,14.775300025939941
2026-04-28,14.784994638527364,14.949811046170328,14.717129385237223,14.911030769348145
2026-04-29,14.920726369198713,15.201883612951761,14.784994935299233,15.007981300354004
2026-04-30,15.007981446263194,15.037067348192485,14.755910101705995,14.784995079040527
2026-05-06,14.697738837372594,15.104932207766904,14.688043536983505,15.01767635345459
2026-05-07,14.969201612691881,15.085543374673481,14.755910539780116,14.949811935424805
2026-05-08,14.881946171285236,15.143712815342267,14.852860269482978,15.114627838134766
2026-05-11,15.163103103637695,15.376394164884243,14.84316558717314,15.163103103637695
2026-05-12,15.201883576460713,15.347309385965197,14.920726333382563,15.046762466430664
2026-05-13,15.037067735628487,15.056457412819505,14.552313786120887,14.697739601135254
2026-05-14,14.736519236996614,14.872250669789416,14.620178405143387,14.649263381958008
2026-05-15,14.59109409214596,14.629874371194665,14.20329037706412,14.26146125793457
2026-05-18,14.300240959320702,14.300240959320702,13.912438184499056,14.17420482635498
2026-05-19,14.251765316061919,14.397192049400202,14.077254530488618,14.212985038757324
2026-05-20,14.212985103837145,14.329325936283638,14.02877901694555,14.17420482635498
2026-05-21,14.34000015258789,14.4399995803833,14.050000190734863,14.050000190734863
2026-05-22,14.149999618530273,14.25,13.920000076293945,14.239999771118164
2026-05-25,14.260000228881836,14.359999656677246,13.899999618530273,13.9399995803833
2026-05-26,13.930000305175781,14.640000343322754,13.850000381469727,14.550000190734863
2026-05-27,14.5,14.670000076293945,14.100000381469727,14.229999542236328
2026-05-28,14.220000267028809,14.359999656677246,13.970000267028809,14.029999732971191
2026-05-29,14.029999732971191,14.430000305175781,14.029999732971191,14.140000343322754
2026-06-01,14.0,14.09000015258789,13.319999694824219,14.079999923706055
2026-06-02,14.079999923706055,14.3100004196167,13.84000015258789,13.9399995803833
2026-06-03,13.960000038146973,13.960000038146973,13.5600004196167,13.699999809265137
2026-06-04,13.65999984741211,13.779999732971191,13.34000015258789,13.65999984741211
2026-06-05,13.65999984741211,13.84000015258789,13.510000228881836,13.569999694824219
2026-06-08,13.529999732971191,13.600000381469727,13.140000343322754,13.289999961853027
2026-06-09,13.329999923706055,13.520000457763672,13.149999618530273,13.5
2026-06-10,13.40999984741211,13.670000076293945,13.329999923706055,13.600000381469727
2026-06-11,13.520000457763672,13.930000305175781,13.5,13.829999923706055
2026-06-12,13.930000305175781,14.15999984741211,13.670000076293945,14.069999694824219
2026-06-15,14.220000267028809,14.220000267028809,13.760000228881836,14.079999923706055
2026-06-16,14.0600004196167,14.069999694824219,13.800000190734863,13.8100004196167
2026-06-17,13.819999694824219,13.989999771118164,13.579999923706055,13.609999656677246
2026-06-18,13.670000076293945,13.779999732971191,13.3100004196167,13.529999732971191
2026-06-22,13.460000038146973,13.800000190734863,13.359999656677246,13.65999984741211
2026-06-23,13.649999618530273,14.140000343322754,13.300000190734863,13.380000114440918
2026-06-24,13.359999656677246,13.449999809265137,13.050000190734863,13.279999732971191
2026-06-25,13.180000305175781,13.479999542236328,13.0,13.34000015258789
2026-06-26,13.289999961853027,13.329999923706055,12.949999809265137,12.949999809265137
2026-06-29,12.899999618530273,13.220000267028809,12.6899995803833,12.970000267028809
2026-06-30,12.920000076293945,13.0,12.470000267028809,12.619999885559082
2026-07-01,12.550000190734863,13.069999694824219,12.449999809265137,12.760000228881836
2026-07-02,12.710000038146973,12.960000038146973,12.680000305175781,12.869999885559082
2026-07-03,12.960000038146973,13.229999542236328,12.880000114440918,13.119999885559082
2026-07-06,13.300000190734863,13.5600004196167,13.130000114440918,13.5
2026-07-07,13.5600004196167,13.579999923706055,12.84000015258789,12.880000114440918
2026-07-08,12.880000114440918,13.039999961853027,12.729999542236328,12.859999656677246
